ID,Marital Status,Gender,Income,Children,Education,Occupation,Home Owner,Cars,Commute Distance,Region,Age,Purchased Bike,Cluster,PCA1,PCA2
12496,0,0,40000,1,0,4,1,0,0,0,42,0,1,-1.0500277961284135,-1.0703299400778528
24107,0,1,30000,3,3,0,1,1,0,0,43,0,2,-0.05119526562302178,-1.3184712807910202
14177,0,1,80000,5,3,3,0,2,3,0,60,0,4,2.485654569351198,-0.8937350108200734
24381,1,1,70000,0,0,3,1,1,4,2,41,1,3,-0.9742565414272646,1.1123247658516715
25597,1,1,30000,0,0,0,0,0,0,0,36,1,3,-2.180973324124401,0.18473247193066214
13507,0,0,10000,2,3,2,1,0,1,0,50,0,2,-0.7906087464789209,-2.0867191696482235
27974,1,1,160000,2,2,1,1,4,0,2,33,1,5,1.8953397020915086,3.743331058585855
19364,0,1,40000,1,0,4,1,0,0,0,43,1,3,-1.4021954329404493,0.0003319847095882094
22155,0,1,20000,2,4,0,1,2,4,2,58,0,2,0.5513084800513698,-1.564277987451808
19280,0,1,120000,2,3,2,1,1,0,0,40,1,5,0.35479258061252955,1.8358155433410834
22173,0,0,30000,3,2,4,0,2,1,2,54,1,0,0.45747596265152973,-0.28365849079527183
12697,1,0,90000,0,0,3,0,4,2,2,36,0,5,0.7672043735489708,1.4510260561572357
11434,0,1,170000,5,3,3,1,0,0,0,55,0,4,2.6806707170524495,0.4830482191071017
25323,0,1,40000,2,3,0,1,1,1,0,35,1,3,-0.9875167193232506,0.40188025977841335
23542,1,1,60000,1,3,4,0,1,0,2,45,1,3,-0.6069538794439722,0.6269510080239128
20870,1,0,10000,2,2,2,1,1,0,0,38,1,3,-1.279452830766894,-0.29605343306297216
23316,1,1,30000,3,3,0,0,2,1,2,59,1,0,0.6743271175564263,-0.44797434874951214
12610,0,0,30000,1,0,0,1,0,0,0,47,0,1,-0.9738589093523736,-1.4344271907216999
27183,1,1,40000,2,3,0,1,1,1,0,35,1,3,-0.9875167193232506,0.40188025977841335
25940,1,1,20000,2,4,0,1,2,4,2,55,1,0,0.025659919315412696,-0.3621633763009818
25598,0,0,40000,0,1,0,1,0,0,0,36,1,3,-2.0402910559955405,0.38451386462027604
21564,1,0,80000,0,0,3,1,4,2,2,35,0,5,0.5831518744391312,1.28410783505847
19193,1,1,40000,2,3,0,1,0,1,0,35,1,3,-1.4146532746000482,0.10909767866162014
26412,0,0,80000,5,2,1,0,3,4,0,56,0,4,2.739310200704079,-0.46949974333989186
27184,1,1,40000,2,3,0,0,1,0,0,34,0,1,-0.6353490825112111,-0.6687816650090203
12590,1,1,30000,1,0,0,1,0,0,0,63,0,2,-0.27993521365670426,-1.9602379361752682
17841,1,1,30000,0,3,0,0,1,0,0,29,1,3,-2.0574283857144584,0.7075572541833918
18283,1,0,100000,0,0,3,0,1,4,2,40,0,1,-0.20004210022864385,0.6410070191330784
18299,0,1,70000,5,3,4,1,2,4,2,44,0,4,1.6510486055266682,-0.5677056580561223
16466,1,0,20000,0,4,2,0,2,0,0,32,1,3,-1.6408634056235833,0.7019689278380269
19273,0,0,20000,2,3,2,1,0,0,0,63,0,2,-0.0861134755973291,-2.314159007639634
22400,0,1,10000,0,3,2,0,1,0,2,26,1,3,-2.468903614915117,0.40658398357670816
20942,1,0,20000,0,2,2,0,1,4,0,31,0,1,-1.7158323240883413,-0.6614755780661999
18484,1,1,80000,2,2,4,0,2,1,2,50,1,0,0.6529023731836787,1.0008408377909412
12291,1,1,90000,5,3,3,0,2,3,0,62,1,0,2.317539431648999,0.3438451350661227
28380,1,0,10000,5,4,2,0,2,0,0,41,0,4,0.6768443038105677,-1.6678044994212606
17891,0,0,10000,2,3,2,1,1,0,0,50,1,0,-0.7590100589951418,-0.690411492153149
27832,1,0,30000,0,3,0,0,1,3,0,30,0,1,-1.6185202869404605,-0.42883101378573796
26863,1,1,20000,0,2,2,0,1,3,0,28,0,1,-1.8459430170312794,-0.5628860632936558
16259,1,0,10000,4,4,2,1,2,0,0,40,1,0,-0.09656780115166604,-0.3772765526773793
27803,1,0,30000,2,3,0,0,0,0,0,43,0,1,-0.8128358270880552,-1.4571141831330596
14347,1,0,40000,2,0,1,1,2,4,2,65,1,0,0.7407267653829271,-0.2912323068302346
17703,0,0,10000,1,1,2,1,0,0,0,40,0,1,-1.5588150624769495,-1.6039477749649913
17185,0,0,170000,4,3,3,0,3,4,0,48,1,5,2.928446892034733,2.8491029387464506
29380,0,0,20000,3,2,2,1,0,0,0,41,1,3,-1.1012924187836575,-0.6417838150374477
23986,0,0,20000,1,0,0,1,0,0,0,66,1,0,-0.6860446566356454,-1.1550837472591446
24466,0,0,60000,1,3,4,1,1,4,2,46,1,3,-0.5635836484629928,0.5940878364330646
29097,1,0,40000,2,3,4,1,2,4,2,52,1,0,0.1769137626301957,0.1359889238507899
19487,0,1,30000,2,3,0,0,2,0,0,42,0,2,-0.0019329475154393474,-0.8386858493086253
14939,1,1,40000,0,0,0,1,0,0,0,39,1,3,-1.9101803630526024,0.2859243498477319
13826,1,0,30000,0,3,0,0,1,0,0,28,0,1,-1.7052607489024187,-0.3631046706040421
20619,1,1,80000,0,0,3,0,4,2,2,35,0,5,0.5831518744391312,1.28410783505847
12558,0,0,20000,1,0,0,1,0,0,0,65,0,2,-0.3338770198236061,-2.2257456720465782
24871,1,0,90000,4,2,1,0,3,4,0,56,0,4,2.5454884626447027,-0.11557867187552567
17319,1,0,70000,0,0,3,0,1,4,2,42,0,1,-0.5353484426532664,-0.024063502117459296
28906,0,1,80000,4,2,3,1,2,2,0,54,0,4,1.8909291772770866,-0.5424163025002368
12808,0,1,40000,0,0,0,1,0,0,0,38,1,3,-1.9535505940335816,0.31878752143858
20567,0,1,130000,4,3,3,0,4,4,0,61,1,5,3.3566673775488196,1.9155387184237642
25502,0,0,40000,1,0,4,1,0,0,0,43,1,3,-1.4021954329404493,0.0003319847095882094
15580,0,1,60000,2,0,3,1,1,3,2,38,1,3,-0.5760414901225918,0.702853530385097
24185,1,0,10000,1,2,2,0,1,1,0,45,0,1,-0.9148273522952558,-1.4754810518024382
19291,1,0,10000,2,2,2,1,0,0,0,35,0,1,-1.441162211193611,-1.593771595785503
16713,0,1,40000,2,0,1,1,1,0,2,52,1,0,-0.25022279264660197,-0.1567936572660032
16185,1,1,60000,4,0,3,1,3,2,2,41,0,4,1.4728881935434321,-0.22197527608164705
14927,0,0,30000,1,0,0,1,0,0,0,37,1,3,-1.8030990869551857,-0.0022703784349376263
29337,1,1,30000,2,3,0,1,2,4,2,68,0,2,1.1256930579900233,-1.693128310670674
29355,0,0,40000,0,1,0,1,0,0,0,37,1,3,-1.996920825014561,0.351650693029428
25303,1,1,30000,0,2,2,1,1,3,0,33,1,3,-1.8839474617905414,0.5761045678199995
14813,1,0,20000,4,2,2,1,1,0,0,43,1,0,-0.2529113953566652,-0.5688672558771025
16438,0,0,10000,0,4,2,0,2,0,0,30,0,1,-1.472748267921383,-0.5356112180481726
14238,0,1,120000,0,4,3,1,4,2,2,36,1,5,0.7937133101425337,3.1538953306043593
16200,1,0,10000,0,4,2,0,2,0,0,35,0,1,-1.255897113016487,-0.6999270760024124
24857,0,0,130000,3,2,3,1,4,0,0,52,0,5,3.027369160324789,1.261921845137867
26956,1,0,20000,0,3,2,0,1,3,0,36,1,3,-1.8945190369764637,0.27773366035784164
14517,0,0,20000,3,2,4,0,2,1,2,62,0,2,1.0592934101635227,-1.8498703525899516
12678,1,0,130000,4,2,1,1,4,0,2,31,0,5,2.4510983159124584,1.7979087697709233
16188,1,0,20000,0,4,2,0,2,1,0,26,0,1,-1.5055469237164403,-0.20437713899516655
27969,0,1,80000,0,0,3,1,2,2,2,29,1,3,-0.9268804897933585,1.9992467987482536
15752,0,1,80000,2,2,4,0,2,1,2,50,1,0,0.6529023731836787,1.0008408377909412
27745,1,1,40000,2,0,1,1,2,4,2,63,1,0,0.6539863034209684,-0.22550596364853834
20828,0,0,30000,4,1,0,1,0,0,0,45,1,0,-0.4526252205426439,-0.7275947874859778
19461,1,0,10000,4,4,2,1,2,0,0,40,0,2,0.2989700666413528,-1.480801649055661
26941,0,1,30000,0,0,0,1,0,0,0,47,1,3,-1.7039007833336284,-0.17676241556866606
28412,1,1,20000,0,2,2,0,1,3,0,29,0,1,-1.8025727860503,-0.595749234884504
24485,1,1,40000,2,0,1,0,1,4,2,52,1,0,-0.25022279264660197,-0.1567936572660032
16514,1,1,10000,0,3,2,1,1,1,2,26,1,3,-2.468903614915117,0.40658398357670816
17191,1,1,130000,3,3,3,0,3,0,0,51,1,5,2.161324506273994,2.1055275319902034
19608,0,1,80000,5,0,3,1,4,1,2,40,0,4,2.4725230602852064,0.34909358323047
24119,1,1,30000,0,3,0,0,1,3,0,29,0,1,-1.6618905179214394,-0.3959678421948901
25458,0,1,20000,1,2,2,0,1,1,0,40,1,3,-1.3865341068643104,-0.00785870478030248
26886,1,0,30000,0,3,0,0,1,0,0,29,1,3,-2.0574283857144584,0.7075572541833918
28436,1,1,30000,0,3,0,0,1,0,0,30,1,3,-2.014058154733479,0.6746940825925437
19562,1,0,60000,2,0,3,1,1,3,2,37,1,3,-0.6194117211035709,0.7357167019759447
15608,1,0,30000,0,3,0,0,1,3,0,33,0,1,-1.4884095939975228,-0.5274205285582821
16487,1,0,30000,3,2,4,1,2,4,2,55,0,2,0.8963840614255274,-1.4200467587644017
17197,1,0,90000,5,3,3,1,2,2,0,62,0,4,2.713077299442017,-0.7596799613121591
12507,0,1,30000,1,3,0,1,1,0,0,43,0,1,-0.7202032779994934,-1.0101919232415144
23940,0,1,40000,1,0,4,1,1,0,0,44,1,3,-0.9316886466826722,0.26025139423553295
19441,0,1,40000,0,1,0,1,0,0,0,25,1,3,-2.517363596786313,0.7460087521196044
26852,0,0,20000,3,2,2,1,2,0,0,43,0,2,0.2352590215249153,-1.2254700923638389
12274,1,1,10000,2,2,2,1,0,0,0,35,0,1,-1.441162211193611,-1.593771595785503
20236,1,1,60000,3,0,3,0,2,0,2,43,1,0,0.40245022624733834,0.677180574772898
24149,0,1,10000,2,3,2,1,0,1,0,49,0,2,-0.8339789774599002,-2.0538559980573754
26139,1,1,60000,1,3,4,1,1,4,2,45,0,1,-0.21141601165095333,-0.47657408835436915
18491,1,0,70000,2,2,3,1,2,4,2,49,1,0,0.468849874073839,0.8339226166921754
22707,1,0,30000,0,3,0,0,1,3,0,30,0,1,-1.6185202869404605,-0.42883101378573796
20430,0,1,70000,2,3,4,1,2,4,2,52,1,0,0.5989605670167769,0.7353331019196313
27494,1,0,40000,2,3,4,0,2,1,2,53,1,0,0.220283993611175,0.10312575225994187
26829,0,0,40000,0,0,0,1,0,0,0,38,1,3,-1.9535505940335816,0.31878752143858
28395,1,1,40000,0,0,3,0,0,0,0,39,1,3,-1.9101803630526024,0.2859243498477319
21006,1,0,30000,1,3,2,0,0,0,0,46,1,3,-1.412767008126372,-0.29803892275257005
14682,1,0,70000,0,0,3,0,1,4,2,38,0,1,-0.7088293665771838,0.10738918424593301
17650,1,0,40000,2,3,0,1,2,1,0,35,0,1,-0.16484229625343416,-0.4088622554830752
29191,1,0,130000,1,1,1,0,1,0,2,36,1,5,-0.012510081370763029,2.321189301168842
15030,0,1,20000,0,0,0,1,0,0,2,26,1,3,-2.7553579020630545,0.3135827951495288
24140,1,1,10000,0,1,2,0,0,0,0,30,1,3,-2.7225592462679975,-0.017651283903476832
22496,0,0,30000,1,0,4,1,2,0,0,42,0,1,-0.3364369537036751,-0.6845461705338733
24065,1,0,20000,0,2,2,1,0,0,0,40,1,3,-2.1481746683293443,-0.14650160712234403
19914,0,1,80000,5,0,1,1,2,3,0,62,0,4,2.572395031313157,-0.9594613540017731
12871,1,0,30000,0,3,0,0,1,3,0,29,0,1,-1.6618905179214394,-0.3959678421948901
22988,0,0,40000,2,0,1,1,2,4,2,66,1,0,0.7840969963639063,-0.32409547842108266
15922,0,1,150000,2,2,3,1,4,0,0,48,0,5,2.8007487664703565,1.9470769956552383
12344,1,0,80000,0,0,3,0,3,2,2,31,0,5,-0.017465604761583473,1.1227779403050695
23627,1,0,100000,3,3,1,0,4,4,0,56,0,5,2.7788032798621245,0.5311249807056334
27775,1,0,40000,0,0,0,0,0,0,0,38,1,3,-1.9535505940335816,0.31878752143858
29301,0,1,80000,5,0,3,1,4,1,2,40,0,4,2.4725230602852064,0.34909358323047
12716,1,1,30000,0,3,0,1,1,3,0,32,0,1,-1.5317798249785015,-0.4945573569674341
12472,0,1,30000,1,0,0,1,1,3,0,39,0,1,-0.8936842019234108,-0.8787392368781222
20970,1,1,10000,2,3,2,1,1,0,0,52,1,0,-0.6722695970331833,-0.7561378353348445
26818,1,1,10000,3,2,2,1,1,0,0,39,1,0,-0.9015785935976789,-0.4830562834285722
12993,0,1,60000,2,0,3,1,1,3,2,37,0,1,-0.22387385331055218,-0.3678083944023369
14192,0,1,90000,4,2,1,1,3,4,0,56,1,0,2.1499505948516844,0.9879464245027559
19477,0,1,40000,0,0,3,1,0,0,0,40,1,3,-1.8668101320716228,0.25306117825688373
26796,1,1,40000,2,0,1,1,2,4,2,65,1,0,0.7407267653829271,-0.2912323068302346
21094,1,0,30000,2,3,0,1,2,0,0,42,0,2,-0.0019329475154393474,-0.8386858493086253
12234,0,1,10000,2,3,2,1,1,3,0,52,0,2,-0.2767317292401645,-1.8596629317131264
28683,1,0,10000,1,2,2,0,1,4,0,35,1,3,-1.7440675298980681,-0.04332423951567598
17994,1,1,20000,2,2,2,1,2,0,0,42,0,2,-0.14261521564429971,-1.038467241998239
24273,0,0,20000,2,4,0,1,2,4,2,55,1,0,0.025659919315412696,-0.3621633763009818
26547,1,0,30000,2,3,0,0,2,4,2,60,1,0,0.3831933423491699,-0.32669784156560816
22500,1,1,40000,0,0,3,0,0,0,0,40,1,3,-1.8668101320716228,0.25306117825688373
23993,1,0,10000,0,3,2,0,1,0,2,26,1,3,-2.468903614915117,0.40658398357670816
14832,0,1,40000,1,0,4,1,0,0,0,42,1,3,-1.445565663921429,0.03319515630043593
16614,0,0,80000,0,0,3,1,3,2,2,32,0,5,0.025904626219395942,1.0899147687142212
20877,1,1,30000,1,0,0,1,0,1,0,37,1,3,-1.8030990869551857,-0.0022703784349376263
20729,0,0,40000,2,3,0,0,1,0,0,34,0,1,-0.6353490825112111,-0.6687816650090203
22464,0,1,40000,0,1,0,1,0,0,0,37,1,3,-1.996920825014561,0.351650693029428
19475,0,0,40000,0,0,3,0,0,0,0,40,1,3,-1.8668101320716228,0.25306117825688373
19675,0,1,20000,4,2,4,1,2,4,2,60,0,2,1.3070569543897996,-1.9382836881830077
12728,1,1,30000,0,3,0,0,1,1,0,27,0,1,-1.7486309798833979,-0.33024149901319416
26154,0,1,60000,1,3,4,1,1,4,2,43,1,3,-0.6936943414059307,0.6926773512056086
29117,1,1,100000,1,0,1,0,3,0,2,48,0,5,1.3356968643610216,0.8095271298651288
17845,1,0,20000,0,4,2,0,2,1,0,32,0,1,-1.2453255378305645,-0.4015561685402549
25058,0,1,100000,1,0,1,1,3,3,2,47,0,5,1.2923266333800423,0.8423903014559764
23426,1,1,80000,5,1,1,1,3,0,2,40,0,4,2.045386505008409,0.056311002113676935
14798,1,0,10000,4,4,2,1,2,0,0,41,1,0,-0.053197570170686714,-0.41013972426822726
12664,0,0,130000,5,3,3,1,4,0,0,59,0,4,3.9999687895681153,0.7236002864524265
23979,1,1,10000,2,3,2,0,0,0,0,50,0,2,-0.7906087464789209,-2.0867191696482235
25605,1,0,20000,2,3,2,0,1,0,0,54,1,0,-0.44484686694236425,-0.6220827858269268
20797,0,0,10000,1,0,2,1,0,0,0,48,0,1,-1.2118532146291152,-1.8668531476917751
21980,1,0,60000,1,0,3,1,1,4,2,44,1,3,-0.6503241104249515,0.6598141796147606
25460,0,0,20000,2,2,2,1,0,0,0,40,1,3,-1.4791666559528729,-0.454780964671848
29181,1,0,60000,2,0,3,0,1,0,2,38,1,3,-0.5760414901225918,0.702853530385097
24279,1,1,40000,2,3,4,0,2,1,2,52,0,2,0.5724516304232146,-0.967536172527492
22402,0,1,10000,0,3,2,1,1,3,2,25,1,3,-2.512273845896097,0.4394471551675565
15465,0,0,10000,0,3,2,0,1,0,2,25,0,1,-2.116735978103078,-0.6640779412107256
26757,1,1,90000,1,0,3,1,1,3,2,47,1,3,-0.0981666130954321,1.1605688429110583
14233,1,1,100000,0,2,1,1,3,2,2,35,0,5,0.43737985542005464,1.3908880393209055
14058,1,1,70000,0,0,3,0,1,4,2,41,1,3,-0.9742565414272644,1.1123247658516706
12273,0,1,30000,1,0,0,1,0,0,0,47,0,1,-0.9738589093523736,-1.4344271907216999
17203,0,0,130000,4,3,3,1,4,4,0,61,1,5,3.3566673775488196,1.9155387184237642
18144,0,0,80000,5,0,1,1,2,3,0,61,0,4,2.5290248003321776,-0.926598182410925
23963,0,1,10000,0,4,2,0,2,0,0,33,0,1,-1.3426375749784456,-0.6342007328207165
17907,0,0,10000,0,3,2,1,1,3,2,27,0,1,-2.029995516141119,-0.7298042843924215
19442,1,1,50000,0,1,4,1,0,0,0,37,1,3,-1.8562385568857005,0.5514320857190419
17504,1,0,80000,2,3,4,1,2,4,2,52,1,0,0.7396428351456373,0.935114494609245
12253,1,0,20000,0,3,2,1,0,0,2,29,1,3,-2.625247209120117,0.2149932803769847
27304,1,0,110000,2,3,3,0,3,4,0,48,0,5,1.8108831386781175,0.8551688437799903
14191,0,1,160000,4,3,3,0,2,2,0,55,1,5,2.6642196854959304,2.1264967638041075
12212,0,0,10000,0,1,2,1,0,0,0,37,1,3,-2.4189676294011426,-0.2476934850394132
25529,1,1,10000,1,1,2,1,0,0,0,44,0,1,-1.385334138553032,-1.735400461328383
22170,0,0,30000,3,3,0,0,2,1,2,55,1,0,0.5008461936325088,-0.31652166238611956
19445,0,0,10000,2,2,2,0,1,0,0,38,0,1,-0.8839149629738754,-1.3995785294412537
15265,1,1,40000,2,0,1,1,2,4,2,66,1,0,0.7840969963639063,-0.32409547842108266
28918,0,0,130000,4,2,1,0,4,2,0,58,0,5,3.6220945523989014,0.9106031368180262
15799,0,0,90000,1,0,3,1,1,3,2,47,1,3,-0.0981666130954321,1.1605688429110583
11047,0,0,30000,3,2,4,0,2,1,2,56,1,0,0.5442164246134883,-0.34938483397696796
18151,1,1,80000,5,3,3,0,2,2,0,59,0,4,2.442284338370219,-0.8608718392292288
20606,0,0,70000,0,0,3,1,4,2,2,32,1,5,-0.0831789544256859,2.286441053519682
19482,0,1,30000,1,3,0,1,1,0,0,44,1,3,-1.0723709148115328,0.060470001545919236
16489,0,1,30000,3,2,4,1,2,4,2,55,0,2,0.8963840614255274,-1.4200467587644017
26944,1,1,90000,2,2,2,1,0,0,0,36,1,3,-0.6678717029747666,1.075141470518841
15682,1,0,80000,5,0,1,1,2,2,0,62,0,4,2.572395031313157,-0.9594613540017731
26032,0,0,70000,5,0,3,1,4,2,2,41,0,4,2.3752110231373247,0.11644901895000812
17843,1,0,10000,0,4,2,0,2,0,0,32,0,1,-1.386007805959425,-0.6013375612298687
25559,1,1,20000,0,0,0,1,0,0,2,25,1,3,-2.798728133044034,0.3464459667403768
16209,1,0,50000,0,1,4,1,0,1,0,36,0,1,-1.504070920073661,-0.5192298390683917
11147,0,1,60000,2,1,1,1,1,0,2,67,1,0,0.681695208325809,-0.25017844574949594
15214,1,0,100000,0,1,1,0,1,1,2,39,1,3,-0.638950199002642,1.7773952871022076
11453,1,1,80000,0,0,3,0,3,2,2,33,1,5,-0.3262630105926436,2.1605766935016555
24584,1,1,60000,0,0,3,0,3,3,2,31,0,1,-0.2988301410193043,0.7232151549258414
12585,0,1,10000,1,2,2,1,0,3,2,27,1,3,-2.5181659330227006,-0.07320144790568475
18626,1,1,40000,2,3,0,1,0,1,0,33,1,3,-1.501393736562007,0.1748240218433163
29298,1,0,60000,1,3,4,1,1,4,2,46,1,3,-0.5635836484629928,0.5940878364330646
24842,1,0,90000,3,2,3,0,1,3,0,51,0,4,1.1398601909979755,-0.38268829738011984
15657,0,1,30000,3,1,0,1,0,0,0,46,1,0,-0.7437589957499002,-0.6063182803020741
11415,1,1,90000,5,3,3,0,2,2,0,62,0,4,2.713077299442017,-0.7596799613121591
28729,1,0,20000,0,4,2,1,2,1,0,26,1,3,-1.9010847915094595,0.8991479573831154
22633,1,0,40000,0,1,0,1,0,0,0,37,1,3,-1.996920825014561,0.351650693029428
25649,1,0,30000,3,3,0,1,0,0,0,42,1,3,-0.9172399196738176,-0.4748655939386817
14669,0,0,80000,4,1,1,1,1,0,2,36,0,4,0.6831284643426608,-0.24366179498176527
19299,0,0,50000,0,1,4,1,0,0,0,36,1,3,-1.8996087878666796,0.5842952573098901
20946,1,0,30000,0,3,0,0,1,3,0,30,0,1,-1.6185202869404605,-0.42883101378573796
11451,1,1,70000,0,0,3,0,4,2,2,31,1,5,-0.12654918540666532,2.3193042251105305
25553,0,1,30000,1,0,0,1,0,0,0,65,1,0,-0.5887326194877645,-0.9224391829786828
27951,1,1,80000,4,3,3,0,2,3,0,54,1,0,1.4953913094840676,0.5611087938780451
25026,0,1,20000,2,4,0,1,3,4,2,54,0,2,0.8049641114042497,-1.1400427199716225
13673,1,0,20000,0,4,2,0,2,0,0,25,0,1,-1.5489171546974203,-0.17151396740431882
16043,1,1,10000,1,0,2,1,0,0,0,48,0,1,-1.2118532146291152,-1.8668531476917751
22399,1,1,10000,0,3,2,1,1,1,2,26,1,3,-2.468903614915117,0.40658398357670816
27696,0,1,60000,1,0,3,1,1,4,2,43,1,3,-0.6936943414059307,0.6926773512056086
25313,1,1,10000,0,4,2,0,2,1,0,35,0,1,-1.255897113016487,-0.6999270760024124
13813,0,0,30000,3,3,0,0,0,0,0,42,0,2,-0.5217020518807989,-1.5783906903169638
18711,1,0,70000,5,0,3,1,4,2,2,39,0,4,2.2884705611753664,0.18217536213170418
19650,0,0,30000,2,3,0,0,2,0,2,67,0,2,1.082322827009044,-1.6602651390798264
14135,0,1,20000,1,3,2,1,0,1,0,35,0,1,-1.634983949252986,-1.2398505243211373
12833,1,0,20000,3,2,2,1,1,0,0,42,1,0,-0.6307856325258804,-0.38186440551150275
26849,0,1,10000,3,4,2,1,2,0,0,43,0,2,0.0945767533960549,-1.4252514850534532
20962,0,0,20000,1,1,0,1,0,0,0,45,0,1,-1.2012816394431927,-1.568482240229618
28915,1,1,80000,5,2,1,1,3,2,0,57,0,4,2.782680431685058,-0.5023629149307397
22830,0,1,120000,4,3,1,1,3,2,0,56,0,4,2.967535267031284,0.4837655061933158
14777,0,0,40000,0,0,0,1,0,0,0,38,1,3,-1.9535505940335816,0.31878752143858
12591,0,0,30000,4,1,0,1,0,0,0,45,0,2,-0.05708735274962501,-1.8311198838642597
24174,0,1,20000,0,0,0,1,0,0,2,27,1,3,-2.7119876710820754,0.28071962355868074
24611,1,1,90000,0,0,3,0,4,2,2,35,1,5,0.3282962747749729,2.5874143241263656
11340,0,0,10000,1,1,0,1,0,0,0,70,1,0,-0.6532460008405887,-1.4863178263121506
25693,1,0,30000,5,1,0,1,0,0,0,44,1,0,-0.1614914453353874,-0.8488712946698823
25555,0,0,10000,0,3,2,0,1,0,2,26,1,3,-2.468903614915117,0.40658398357670816
22006,0,1,70000,5,3,4,1,3,4,2,46,0,4,2.1649256227654243,-0.340649420121025
20060,1,0,30000,0,2,2,0,1,3,0,34,1,3,-1.840577230809562,0.5432413962291518
17702,0,1,10000,1,1,2,1,0,0,0,37,0,1,-1.6889257554198878,-1.5053582601924471
12503,1,0,30000,3,3,0,1,2,0,0,27,0,1,-0.31798240604189354,-0.49987795422065673
23908,1,1,30000,1,0,0,0,1,0,0,39,1,3,-1.2892220697164298,0.22478585950015947
22527,1,0,20000,0,2,2,0,1,3,0,29,0,1,-1.8025727860503,-0.595749234884504
19057,0,0,120000,3,0,1,0,2,2,0,52,1,5,1.6368759138493147,1.5801003865929484
18494,0,1,110000,5,0,1,1,4,3,2,48,1,5,2.845993844726603,1.7890574849508094
11249,0,0,130000,3,3,3,1,3,0,0,51,1,5,2.161324506273994,2.1055275319902034
21568,0,0,100000,0,2,1,1,4,2,2,34,1,5,0.4256083119228541,2.8200588884068276
13981,0,0,10000,5,2,4,0,3,1,2,62,0,2,2.0147557096879316,-2.0651485217122767
23432,1,1,70000,0,0,3,1,1,4,2,37,1,3,-1.147737465351182,1.2437774522150626
22931,0,1,100000,5,1,1,0,1,1,2,78,1,0,2.7250088401967303,-0.274966798814625
18172,0,1,130000,4,2,3,1,3,0,0,55,0,4,3.0648473041791657,0.7164100704737777
12666,1,1,60000,0,0,3,0,4,3,2,31,0,5,0.128306414257493,1.0159977360426344
20598,0,1,100000,3,4,3,1,0,2,0,59,1,0,0.8048298839048541,0.3649302378441984
21375,1,1,20000,2,4,0,1,2,4,2,57,0,2,0.5079382490703903,-1.5314148158609595
20839,1,0,30000,3,1,0,1,0,0,0,47,1,0,-0.700388764768921,-0.639181451892922
21738,0,1,20000,1,1,0,1,0,0,0,43,0,1,-1.2880221014051514,-1.5027558970479216
14164,1,0,50000,0,1,4,1,0,0,0,36,1,3,-1.8996087878666796,0.5842952573098901
14193,1,0,100000,3,3,1,1,4,2,0,56,0,5,2.7788032798621245,0.5311249807056334
12705,0,1,150000,0,0,1,1,4,0,2,37,1,5,1.259130345510094,3.7203763370823535
22672,1,0,30000,2,3,0,1,0,0,0,43,0,1,-0.8128358270880552,-1.4571141831330596
26219,0,0,40000,1,0,4,1,1,1,0,33,1,3,-1.408761187473445,0.6217462817348615
28468,0,0,10000,2,3,2,1,0,1,0,51,0,2,-0.7472385154979416,-2.1195823412390715
23419,1,0,70000,5,0,3,1,3,2,2,39,0,4,1.8613340058985697,-0.11060721898508878
17964,0,1,40000,0,1,0,1,0,0,0,37,1,3,-1.996920825014561,0.351650693029428
20919,1,0,30000,2,3,0,1,2,0,0,42,0,2,-0.0019329475154393474,-0.8386858493086253
20927,1,0,20000,5,2,2,1,2,0,0,27,0,4,0.21034333820571766,-1.007938704459775
13133,1,1,100000,5,0,3,1,1,4,2,47,1,0,1.3805316797863714,0.7437915205016636
19626,0,1,70000,5,3,4,1,3,4,2,45,0,4,2.121555391784445,-0.30778624853017705
21039,1,0,50000,0,1,4,0,0,0,0,37,1,3,-1.8562385568857005,0.5514320857190419
12231,1,0,10000,2,3,2,1,0,0,0,51,1,3,-1.1427763832909605,-1.0160572448607894
25665,1,0,20000,0,2,2,0,1,1,0,28,0,1,-1.8459430170312794,-0.5628860632936558
24061,0,1,10000,4,4,2,1,1,0,0,40,1,0,-0.5237043564284637,-0.6700591337941723
26879,1,0,20000,0,2,2,0,1,3,0,30,0,1,-1.7592025550693207,-0.6286124064753518
12284,0,0,30000,0,0,0,0,0,0,0,36,1,3,-2.180973324124401,0.18473247193066242
26654,0,0,90000,1,1,1,1,0,0,2,37,1,3,-0.959005478182023,1.1964179777027453
14545,0,0,10000,2,3,2,1,0,1,0,49,0,2,-0.8339789774599002,-2.0538559980573754
24201,0,0,10000,2,2,2,1,0,0,0,37,1,3,-1.7499596170246712,-0.5559728425889172
20625,0,1,100000,0,2,1,1,3,2,2,35,1,5,0.04184198762703589,2.494413135699187
16390,1,1,30000,1,0,0,0,0,0,0,38,1,3,-1.7597288559742066,-0.035133550025785686
14804,1,0,10000,3,4,2,1,2,0,0,43,0,2,0.0945767533960549,-1.4252514850534532
12629,1,1,20000,1,3,2,0,0,0,0,37,0,1,-1.5482434872910276,-1.3055768675028334
14696,1,1,10000,0,4,2,0,2,0,0,34,0,1,-1.2992673439974662,-0.6670639044115644
22005,0,0,70000,5,3,4,0,3,4,2,46,0,4,2.1649256227654243,-0.340649420121025
14544,1,1,10000,1,3,2,1,0,0,0,49,0,2,-1.1684829836481356,-1.8997163192826236
14312,0,0,60000,1,3,4,1,1,4,2,45,0,1,-0.21141601165095333,-0.47657408835436915
29120,1,0,100000,1,0,1,1,4,3,2,48,0,5,1.7628334196378193,1.102309710981921
24187,1,0,30000,3,1,0,0,0,0,0,46,1,0,-0.7437589957499002,-0.6063182803020741
15758,0,1,130000,0,1,1,1,0,4,2,48,0,5,0.14182999672897442,0.6846632433583424
29094,0,1,30000,3,2,4,1,2,4,2,54,1,0,0.45747596265152973,-0.28365849079527183
28319,1,0,60000,1,3,4,0,1,0,2,46,1,3,-0.5635836484629928,0.5940878364330646
16406,0,1,40000,0,0,0,0,0,0,0,38,1,3,-1.9535505940335816,0.31878752143858
20923,0,0,40000,1,0,4,1,0,0,0,42,1,3,-1.445565663921429,0.03319515630043593
11378,1,0,10000,1,2,2,0,1,3,0,46,1,3,-1.2669949891072954,-0.40481912701500433
20851,1,1,20000,0,3,2,0,1,3,0,36,1,3,-1.8945190369764637,0.27773366035784164
21557,1,0,110000,0,3,1,1,3,2,2,32,1,5,0.05241356281295836,2.7927840431613444
26663,1,0,60000,2,0,3,0,1,0,2,39,1,3,-0.5326712591416123,0.6699903587942488
11896,0,1,100000,1,1,1,1,0,3,2,36,1,3,-0.861693441034142,1.4290625419832073
14189,0,0,90000,4,2,3,0,2,3,0,54,1,0,1.6360735776129276,0.7608901865676588
13136,0,0,30000,2,3,0,0,2,4,2,69,0,2,1.1690632889710026,-1.725991482261522
25906,1,0,10000,5,2,4,0,2,1,2,62,0,2,1.5876191544111342,-2.35793110282907
17926,1,0,40000,0,0,0,0,0,0,2,28,1,3,-2.387252903843375,0.6474192373470605
26928,1,1,30000,1,0,0,1,0,0,0,62,1,0,-0.7188433124307024,-0.8238496682061388
20897,0,0,30000,1,0,4,1,2,0,0,40,0,1,-0.4231774156656337,-0.6188198273521772
28207,0,1,80000,4,1,1,1,1,0,2,36,1,0,0.2875905965496422,0.8598633013965166
25923,1,1,10000,2,4,0,1,2,4,2,58,0,2,0.41062621192250925,-1.7640593801414215
11000,0,1,90000,2,0,3,1,0,1,2,40,1,3,-0.49439077905084916,0.9436887841554492
20974,0,1,10000,2,0,0,1,1,0,0,66,0,2,0.33045150449354627,-2.319747333984999
28758,0,1,40000,2,3,0,1,1,1,0,35,1,3,-0.9875167193232506,0.40188025977841335
11381,0,0,20000,2,3,2,1,1,3,0,47,1,0,-0.7484384838092194,-0.3920405846909907
17522,0,1,120000,4,0,1,1,1,3,2,47,0,4,1.7229300776488752,0.1939688882773617
21207,0,1,60000,1,3,4,1,1,4,2,46,0,1,-0.168045780669974,-0.5094372599452172
28102,0,1,20000,4,2,4,1,2,4,2,58,1,0,0.8247786246348227,-0.7690322486230301
23105,1,1,40000,3,4,0,0,2,4,2,52,1,0,0.5114177688184315,-0.01815075492396203
18740,0,1,80000,5,0,3,0,1,0,2,47,1,0,1.0991671435286507,0.344228735122436
21213,1,1,70000,0,0,3,0,1,4,2,41,0,1,-0.5787186736342459,0.008799669473388817
17352,0,1,50000,2,1,1,1,1,4,2,64,1,0,0.41090224725401053,-0.35137032366656573
14154,0,1,30000,0,0,0,1,0,0,0,35,1,3,-2.2243435551053796,0.2175956435215102
19066,0,1,130000,4,3,3,0,3,2,0,54,0,4,3.0214770731981844,0.749273242064626
11386,0,0,30000,3,0,0,1,0,0,0,45,0,2,-0.3915913589378609,-1.6769802050895075
20228,0,1,100000,0,1,1,1,0,3,2,40,1,3,-1.0227165232984603,1.4517495343945666
16675,1,0,160000,0,1,1,0,3,0,2,47,1,5,1.4063783681719508,3.298743432746693
16410,1,0,10000,4,4,2,1,2,0,0,41,1,0,-0.053197570170686714,-0.41013972426822726
27760,1,0,40000,0,1,0,0,0,0,0,37,1,3,-1.996920825014561,0.351650693029428
22930,0,1,90000,4,0,3,1,0,1,2,38,1,0,0.08787677136366354,0.7011357697876411
23780,1,1,40000,2,3,0,0,2,0,0,36,1,3,-0.5170099330654736,0.6617996693043585
20994,0,0,20000,0,0,0,0,0,0,2,26,1,3,-2.7553579020630545,0.3135827951495288
28379,0,1,30000,1,0,4,1,2,0,0,40,0,1,-0.4231774156656337,-0.6188198273521772
14865,1,1,40000,2,3,0,1,2,1,0,36,0,1,-0.12147206527245481,-0.4417254270739231
12663,0,0,90000,5,4,4,1,2,2,0,59,0,4,2.5829666064990793,-0.6610904465396149
24898,1,0,80000,0,0,3,1,3,2,2,32,0,5,0.025904626219395942,1.0899147687142212
19508,0,1,10000,0,4,2,0,2,0,0,30,0,1,-1.472748267921383,-0.5356112180481726
11489,1,0,20000,0,4,2,0,2,1,0,35,1,3,-1.5107527126806455,0.6033794130654829
18160,0,1,130000,3,2,3,1,4,4,0,51,1,5,2.588461061550791,2.398310113106996
25241,0,1,90000,2,0,3,1,1,4,2,47,0,4,0.6318752608858224,-0.09709593224197578
24369,0,1,80000,5,1,1,0,2,0,2,39,0,4,1.574879718750632,-0.20360840741226838
27165,1,1,20000,0,4,2,0,2,0,0,34,0,1,-1.158585075868606,-0.46728251172195084
29424,0,1,10000,0,4,2,1,2,0,0,32,0,1,-1.386007805959425,-0.6013375612298687
15926,1,0,120000,3,2,3,1,4,4,0,50,1,5,2.4044085624409512,2.2313918920082307
14554,0,1,20000,1,0,0,1,0,0,0,66,0,2,-0.29050678884262665,-2.2586088436374263
16468,1,1,30000,0,3,0,1,1,3,0,30,0,1,-1.6185202869404605,-0.42883101378573796
19174,1,0,30000,0,2,2,0,1,3,0,32,1,3,-1.9273176927715203,0.6089677394108477
19183,1,1,10000,0,4,2,1,2,1,0,35,0,1,-1.255897113016487,-0.6999270760024124
13683,1,0,30000,0,2,2,0,1,3,0,32,0,1,-1.5317798249785015,-0.4945573569674341
17848,1,1,30000,0,3,0,0,1,3,0,31,1,3,-1.9706879237524997,0.6418309110016956
17894,0,0,20000,1,0,0,1,0,0,0,50,1,3,-1.3799683523313149,-0.629273001805576
25651,0,1,40000,1,0,4,0,0,0,0,43,1,3,-1.4021954329404493,0.0003319847095882094
22936,1,0,60000,1,3,4,0,1,0,2,45,1,3,-0.6069538794439722,0.6269510080239128
23915,0,1,20000,2,2,2,1,2,0,0,42,0,2,-0.14261521564429971,-1.038467241998239
24121,1,0,30000,0,3,0,0,1,0,0,29,1,3,-2.0574283857144584,0.7075572541833918
27878,1,1,20000,0,3,2,0,0,0,2,28,1,3,-2.6686174401010962,0.24785645196783254
13572,1,1,10000,3,2,2,1,0,0,0,37,1,3,-1.415455610836435,-0.7101125213636693
27941,0,0,80000,4,3,3,1,2,3,0,53,0,4,1.8475589462961075,-0.5095531309093889
26354,1,1,40000,0,1,0,0,0,0,0,38,1,3,-1.9535505940335816,0.31878752143858
14785,1,1,30000,1,0,0,0,1,1,0,39,0,1,-0.8936842019234108,-0.8787392368781222
17238,1,1,80000,0,0,3,1,3,2,2,32,0,5,0.025904626219395942,1.0899147687142212
23608,0,0,150000,3,2,3,1,3,0,0,51,1,5,2.4426890425317143,2.5050903173694308
22538,1,0,10000,0,4,2,1,2,1,0,33,0,1,-1.3426375749784456,-0.6342007328207165
12332,0,1,90000,4,2,1,1,3,4,0,58,1,0,2.236691056813643,0.9222200813210597
17230,0,1,80000,0,0,3,1,3,2,2,30,0,5,-0.06083583574256275,1.1556411118959171
13082,1,1,130000,0,1,1,1,0,3,2,48,1,3,-0.25370787106404435,1.7881883397366243
22518,1,0,30000,3,3,0,0,2,0,0,27,1,3,-0.7135202738349121,0.6036471421576249
13687,0,1,40000,1,0,4,1,1,0,0,33,1,3,-1.408761187473445,0.6217462817348615
23571,0,0,40000,2,0,1,1,2,0,2,66,1,0,0.7840969963639063,-0.32409547842108266
19305,1,0,10000,2,2,2,1,1,0,0,38,1,3,-1.279452830766894,-0.29605343306297216
22636,1,0,40000,0,0,0,0,0,0,0,38,1,3,-1.9535505940335816,0.31878752143858
17310,0,1,60000,1,3,4,1,1,0,2,45,1,3,-0.6069538794439722,0.6269510080239128
12133,0,0,130000,3,3,3,1,3,4,0,50,1,5,2.1179542752930134,2.1383907035810514
25918,1,0,30000,2,3,0,0,2,4,2,60,1,0,0.3831933423491699,-0.32669784156560816
25752,1,0,20000,2,3,2,0,1,0,0,53,1,0,-0.48821709792334345,-0.5892196142360787
17324,0,0,100000,4,0,3,1,1,2,2,46,0,4,1.398195310410175,-0.17273072551101804
22918,1,1,80000,5,1,1,1,3,0,2,50,0,4,2.479088814818202,-0.2723207137948033
12510,0,1,40000,1,0,4,1,1,0,0,43,1,3,-0.9750588776636515,0.2931145658263811
25512,1,1,20000,0,2,2,0,1,3,0,30,0,1,-1.7592025550693207,-0.6286124064753518
16179,1,0,80000,5,0,3,1,4,1,2,38,0,4,2.3857825983232477,0.41481992641216614
15628,0,0,40000,1,0,4,1,1,0,0,89,0,2,1.4155096152544167,-2.3221164237309098
20977,0,1,20000,1,0,0,1,0,0,0,64,1,0,-0.7727851185976041,-1.0893574040774483
18140,0,1,130000,3,3,3,0,3,4,0,51,1,5,2.161324506273994,2.1055275319902034
20417,0,1,30000,3,3,0,0,2,4,2,56,0,2,0.9397542924065071,-1.4529099303552497
18267,0,1,60000,3,0,3,1,2,4,2,43,0,4,0.7979880940403571,-0.42634452160538394
13620,1,1,70000,0,0,3,0,3,2,2,30,1,3,-0.597055971664442,2.059384815584585
22974,0,0,30000,2,3,0,1,2,4,2,69,0,2,1.1690632889710026,-1.725991482261522
13586,0,1,80000,4,3,3,1,2,2,0,53,0,4,1.8475589462961075,-0.5095531309093889
17978,0,1,40000,0,1,0,1,0,0,0,37,1,3,-1.996920825014561,0.351650693029428
12581,1,0,10000,0,3,2,0,1,0,2,28,1,3,-2.3821631529531584,0.34085764039501226
18018,1,1,30000,3,3,0,1,0,0,0,43,0,2,-0.47833182089981946,-1.6112538619078116
28957,1,0,120000,0,4,3,1,4,2,2,34,1,5,0.7069728481805748,3.2196216737860546
13690,1,0,20000,0,4,2,0,2,1,0,34,1,3,-1.5541229436616244,0.636242584656331
12568,0,0,30000,1,0,0,1,0,0,0,64,0,2,-0.23656498267572507,-1.9931011077661165
13122,0,0,80000,0,0,3,1,1,1,2,41,1,3,-0.8335742732984042,1.3121061585412845
21184,1,1,70000,0,0,3,0,1,4,2,38,0,1,-0.7088293665771838,0.10738918424593301
26150,1,0,70000,0,0,3,0,1,0,2,41,1,3,-0.9742565414272644,1.1123247658516706
24151,1,1,20000,1,0,0,0,0,0,0,51,0,2,-0.9410602535573169,-1.7656612697747056
23962,0,0,10000,0,4,2,1,2,1,0,32,0,1,-1.386007805959425,-0.6013375612298687
17793,0,0,40000,0,0,0,1,0,0,0,38,1,3,-1.9535505940335816,0.31878752143858
14926,0,1,30000,1,0,0,1,0,0,0,38,1,3,-1.7597288559742066,-0.035133550025785686
16163,1,1,60000,2,0,3,1,1,3,2,38,1,3,-0.5760414901225918,0.702853530385097
21365,0,0,10000,2,4,0,1,2,4,2,58,0,2,0.41062621192250925,-1.7640593801414215
27771,1,1,30000,1,0,0,1,1,1,0,39,1,3,-1.2892220697164298,0.22478585950015947
26167,1,0,40000,2,0,1,0,1,4,2,53,1,0,-0.20685256166562263,-0.1896568288568512
25792,1,0,110000,3,0,1,1,4,2,0,53,0,5,2.789374855048048,0.8294958881677907
11555,0,0,40000,1,0,0,1,0,0,0,80,0,2,0.5980409811488047,-2.3191304605300713
22381,0,1,10000,1,1,2,1,0,0,0,44,0,1,-1.385334138553032,-1.735400461328383
17882,0,1,20000,1,1,0,1,0,0,0,44,0,1,-1.244651870424172,-1.5356190686387694
22174,0,1,30000,3,2,4,1,2,4,2,54,1,0,0.45747596265152973,-0.28365849079527183
22439,0,0,30000,0,0,0,1,0,0,0,37,1,3,-2.1376030931434213,0.15186930033981438
18012,0,0,40000,1,0,4,1,0,0,0,41,0,1,-1.093398027109389,-1.0374667684869978
27582,1,0,90000,2,0,3,0,0,0,2,36,1,3,-0.6678717029747666,1.075141470518841
12744,1,0,40000,2,3,0,1,0,0,0,33,0,1,-1.1058558687689881,-0.9287010745349656
22821,0,0,130000,3,3,3,1,4,0,0,52,0,5,3.027369160324789,1.261921845137867
20171,0,0,20000,2,3,2,1,1,0,0,46,1,0,-0.7918087147901987,-0.3591774131001428
11116,0,1,70000,5,3,4,1,2,4,2,43,0,4,1.6076783745456895,-0.5348424864652744
20053,1,1,40000,2,3,0,1,0,0,0,34,0,1,-1.0624856377880085,-0.9615642461258135
25266,1,0,30000,2,3,0,0,2,4,2,67,0,2,1.082322827009044,-1.6602651390798264
17960,0,0,40000,0,1,0,1,0,0,0,35,1,3,-2.083661286976519,0.41737703621112404
13961,0,0,80000,5,1,1,1,3,0,2,40,0,4,2.045386505008409,0.056311002113676935
11897,1,1,60000,2,0,3,0,1,0,2,37,1,3,-0.6194117211035709,0.7357167019759447
11139,1,0,30000,2,3,0,0,2,4,2,67,0,2,1.082322827009044,-1.6602651390798264
11576,0,1,30000,1,0,4,1,2,0,0,41,1,3,-0.7753450524776733,0.4518420974352565
19255,1,1,10000,2,3,2,1,1,0,0,51,1,0,-0.7156398280141625,-0.7232746637439964
18153,0,0,100000,2,0,1,1,4,2,0,59,0,5,2.574409966616827,0.5866751447078408
14547,0,1,10000,2,3,2,1,0,1,0,51,0,2,-0.7472385154979416,-2.1195823412390715
24901,1,1,110000,0,3,1,0,3,2,2,32,1,5,0.05241356281295836,2.7927840431613444
27169,1,1,30000,0,2,2,1,1,3,0,34,1,3,-1.840577230809562,0.5432413962291518
14805,1,0,10000,3,4,2,1,2,0,0,43,0,2,0.0945767533960549,-1.4252514850534532
15822,0,1,40000,2,0,1,1,2,0,2,67,0,2,1.2230050951379048,-1.4604837463902127
19389,1,1,30000,0,3,0,0,1,3,0,28,0,1,-1.7052607489024187,-0.3631046706040421
17048,1,0,90000,1,1,1,1,0,0,2,36,1,3,-1.0023757091630023,1.2292811492935933
22204,0,1,110000,4,0,1,1,3,3,2,48,0,4,2.479891151054589,0.5468894862304862
12718,1,0,30000,0,3,0,1,1,3,0,31,0,1,-1.5751500559594813,-0.46169418537658613
15019,1,0,30000,3,2,4,1,2,4,2,55,0,2,0.8963840614255274,-1.4200467587644017
28488,1,1,20000,0,3,2,1,0,0,2,28,1,3,-2.6686174401010962,0.24785645196783254
21891,0,0,110000,0,2,1,1,3,2,2,34,1,5,0.13915402477491695,2.727057699979648
27814,1,0,30000,3,3,0,0,1,0,0,26,0,1,-0.7884891922996704,-0.7597973637466018
22175,0,0,30000,3,2,4,1,2,4,2,53,1,0,0.41410573167055026,-0.250795319204424
29447,1,0,10000,2,0,0,0,1,3,0,68,0,2,0.41719196645550477,-2.3854736771666953
19784,0,0,80000,2,2,4,1,2,4,2,50,1,0,0.6529023731836787,1.0008408377909412
27824,1,0,30000,3,3,0,1,2,0,0,28,1,3,-0.6701500428539331,0.5707839705667769
24093,1,0,80000,0,1,4,0,0,0,0,40,1,3,-1.3040810595561811,1.0521867490153394
19618,0,1,70000,5,3,4,1,2,0,2,44,0,4,1.6510486055266682,-0.5677056580561223
21561,1,1,90000,0,0,3,0,3,2,2,34,1,5,-0.14221051148280386,2.3274949146004205
11061,0,1,70000,2,3,4,1,2,4,2,52,1,0,0.5989605670167769,0.7353331019196313
26651,1,1,80000,4,1,1,1,0,0,2,36,1,0,-0.13954595872715556,0.5670807202797236
21108,0,0,40000,1,0,4,1,1,0,0,43,1,3,-0.9750588776636515,0.2931145658263811
12731,1,1,30000,0,2,2,0,1,1,0,32,0,1,-1.5317798249785015,-0.4945573569674341
25307,0,0,40000,1,0,4,1,1,1,0,32,1,3,-1.4521314184544247,0.6546094533257095
14278,0,0,130000,0,1,1,1,1,2,2,48,0,5,0.5689665520057721,0.9774458244751353
20711,0,0,40000,1,0,4,1,0,1,0,32,1,3,-1.879267973731222,0.36182687220891624
11383,0,0,30000,3,1,0,1,0,0,0,46,0,2,-0.34822112795688154,-1.7098433766803558
12497,0,0,40000,1,0,4,1,0,0,0,42,0,1,-1.05002779612841,-1.0703299400778459
16559,1,0,10000,2,2,2,1,0,0,0,36,1,3,-1.7933298480056499,-0.5231096709980693
11585,0,0,40000,1,0,4,1,0,0,0,41,0,1,-1.093398027109389,-1.0374667684869978
20277,0,0,30000,2,3,0,0,2,0,2,69,0,2,1.1690632889710026,-1.725991482261522
26765,1,0,70000,5,3,4,1,2,4,2,45,0,4,1.6944188365076482,-0.6005688296469703
12389,1,1,30000,0,2,2,0,1,3,0,34,0,1,-1.4450393630165428,-0.5602837001491303
13585,0,0,80000,4,3,3,0,1,3,0,53,1,0,1.0248845232262906,0.30118938435209985
26385,1,1,120000,3,2,3,0,4,4,0,50,0,5,2.7999464302339696,1.127866795629949
12236,0,0,20000,1,3,2,1,0,0,0,65,0,2,-0.3338770198236061,-2.2257456720465782
21560,0,1,120000,0,4,3,1,4,2,2,32,1,5,0.6202323862186163,3.2853480169677503
21554,1,0,80000,0,0,3,0,3,2,2,33,0,5,0.06927485720037517,1.0570515971233734
13662,1,1,20000,0,4,2,1,2,1,0,31,1,3,-1.684233636604563,0.7348320994288752
13089,0,0,120000,1,0,1,1,2,0,2,46,1,5,0.7076465155869677,2.0855587736875405
14791,0,0,40000,0,0,0,1,0,0,0,39,1,3,-1.9101803630526024,0.2859243498477319
19331,1,1,20000,2,2,2,1,1,0,0,40,0,1,-0.656492232883056,-1.2655234799333364
17754,1,0,30000,3,0,0,1,0,0,0,46,1,0,-0.7437589957499002,-0.6063182803020741
11149,0,1,40000,2,0,1,1,2,0,2,65,0,2,1.1362646331759458,-1.3947574032085166
16549,1,0,30000,3,0,0,1,0,0,0,47,1,0,-0.700388764768921,-0.639181451892922
24305,1,1,100000,1,0,1,0,3,0,2,46,1,5,0.8534185346060441,1.9787785694251059
18253,0,0,80000,5,1,1,1,3,0,2,40,0,4,2.045386505008409,0.056311002113676935
20147,0,0,30000,1,0,0,1,0,0,0,65,0,2,-0.19319475169474573,-2.0259642793569643
15612,1,1,30000,0,2,2,0,1,1,0,28,0,1,-1.7052607489024187,-0.3631046706040421
28323,1,1,70000,0,0,3,0,2,4,2,43,1,3,-0.46037952418850836,1.3393810037867675
22634,1,0,40000,0,1,0,1,0,0,0,38,1,3,-1.9535505940335816,0.31878752143858
15665,0,0,30000,0,0,0,1,0,0,0,47,1,3,-1.7039007833336284,-0.17676241556866606
27585,0,0,90000,2,0,3,0,0,0,2,36,1,3,-0.6678717029747666,1.075141470518841
19748,0,1,20000,4,2,4,0,2,1,2,60,0,2,1.3070569543897996,-1.9382836881830077
21974,1,0,70000,0,0,3,1,1,4,2,42,1,3,-0.9308863104462851,1.0794615942608223
14032,0,1,70000,2,2,4,0,2,1,2,50,1,0,0.5122201050548184,0.8010594451013274
22610,0,1,30000,0,0,0,1,0,0,0,35,1,3,-2.2243435551053796,0.2175956435215102
26984,0,1,40000,1,0,4,1,1,0,0,32,1,3,-1.4521314184544247,0.6546094533257095
18294,0,0,90000,1,0,3,1,1,4,2,46,0,1,0.2540010237166074,0.08990691812362447
28564,1,0,40000,2,3,0,1,0,1,0,33,1,3,-1.501393736562007,0.1748240218433163
28521,1,1,40000,0,1,0,0,0,0,0,36,1,3,-2.0402910559955405,0.38451386462027604
15450,0,1,10000,1,1,0,1,0,0,0,70,0,2,-0.2577081330475699,-2.5898429226904325
25681,1,0,30000,0,3,0,0,1,3,0,31,1,3,-1.9706879237524997,0.6418309110016956
19491,1,1,30000,2,3,0,1,2,0,0,42,0,2,-0.0019329475154393474,-0.8386858493086253
26415,0,0,90000,4,4,4,1,4,2,0,58,0,4,3.059365479883459,0.11147756605957095
12821,0,1,40000,0,0,0,1,0,0,0,39,0,1,-1.5146424952595838,-0.8176007465305499
15629,1,0,10000,0,4,2,1,2,1,0,34,0,1,-1.2992673439974662,-0.6670639044115644
27835,0,1,20000,0,4,2,1,2,0,0,32,0,1,-1.2453255378305645,-0.4015561685402549
11738,0,1,60000,4,0,3,1,0,3,1,46,0,4,0.4083296826179358,-1.2646388773862665
25065,0,1,70000,2,4,4,1,2,4,1,48,0,2,0.8210175108858785,-0.23673930809525828
26238,1,0,40000,3,3,0,1,1,1,1,31,1,3,-0.8264936370589319,0.37919326736705355
23707,1,1,70000,5,0,1,1,3,2,1,60,1,0,2.3765709887061166,0.3027912739853841
27650,0,1,70000,4,2,3,1,0,4,1,51,0,4,0.7658631056516928,-1.2291733426508928
24981,0,1,60000,2,3,3,1,2,2,1,56,0,2,1.0272970906048526,-0.6994260735116563
20678,1,0,60000,3,0,4,1,1,3,1,40,1,0,-0.1547970219723973,0.48298750842864874
15302,1,0,70000,1,1,3,1,0,3,1,34,1,3,-1.370480707382682,0.8954447070960618
26012,0,1,80000,1,3,4,1,1,3,1,48,1,3,-0.19547865024331326,0.927924278630596
26575,1,0,40000,0,2,4,0,2,1,1,31,1,3,-1.4028691003468416,1.1343948848081027
15559,0,1,60000,5,0,3,1,1,3,1,47,0,4,1.2133404750639485,-1.1588591466350735
19235,0,0,50000,0,1,4,1,0,0,1,34,0,1,-1.5908113820356198,-0.4535034958866956
15275,0,1,40000,0,3,4,1,1,4,1,29,0,1,-1.5212082497925792,-0.19618644950527644
20339,0,0,130000,1,0,1,1,4,3,1,44,1,5,1.6158614323074643,2.9366316717924366
25405,0,1,70000,2,0,4,1,1,3,1,38,1,3,-0.4353592219937313,0.9026349230747105
15940,0,1,100000,4,3,3,1,4,0,1,40,0,5,2.419383590354691,0.9027960473844493
25074,0,0,70000,4,0,3,1,2,3,1,42,1,0,0.8342662695834554,0.7556854602786076
24738,0,0,40000,1,3,0,1,1,1,1,51,1,3,-0.628097029815817,0.030209193099596816
16337,0,1,60000,0,3,4,0,2,1,1,29,0,1,-0.8127071582580606,0.4961589169907442
24357,0,1,80000,3,0,3,1,1,3,1,48,1,0,0.4735293621331583,0.6196449210810921
18613,1,1,70000,0,0,3,0,1,3,1,37,1,3,-1.147737465351182,1.2437774522150626
12207,1,1,80000,4,0,1,1,0,4,1,66,1,0,1.1615609707022247,-0.41881442744571784
18052,0,0,60000,1,3,4,1,1,0,1,45,1,3,-0.6069538794439722,0.6269510080239128
13353,1,0,60000,4,1,1,1,2,2,1,61,1,0,1.5176183900932023,-0.06849619263711877
19399,1,1,40000,0,0,3,0,1,3,1,45,0,1,-0.8272845540969097,-0.721997194958845
16154,0,0,70000,5,0,3,1,2,3,1,47,0,4,1.781159298469606,-0.6662951728286665
22219,0,0,60000,2,2,3,1,2,4,1,49,0,2,0.7237054737379973,-0.4693838723757202
17269,1,1,60000,3,0,3,0,0,0,1,47,1,0,-0.27834196038233955,-0.03983727382408083
23586,0,0,80000,0,0,1,1,1,1,1,34,1,3,-1.1371658901652595,1.5421483596772207
15740,0,1,80000,5,0,1,1,2,1,1,64,0,4,2.6591354932751154,-1.0251876971834688
27638,1,1,100000,1,3,3,0,3,1,1,44,0,5,1.1622159404371044,0.9409798162285207
18976,1,1,40000,4,2,3,1,2,2,1,62,1,0,1.2796240848164604,-0.5009221496071944
19413,1,1,60000,3,0,3,0,1,0,1,47,1,0,0.14879459489445804,0.2529453072927126
13283,0,1,80000,3,3,3,0,2,0,1,49,1,0,0.9440361483909351,0.8795643306070372
17471,1,0,80000,4,1,1,1,2,4,1,67,0,4,2.454742180029818,-0.9696375331812612
16791,1,1,60000,5,0,1,1,3,2,1,59,1,0,2.1925184895962766,0.1358730528866185
15382,0,0,110000,1,0,1,1,2,1,1,44,0,5,0.8757616532891672,0.8479786278013409
11641,0,1,50000,1,0,4,1,0,0,1,36,0,1,-1.1695669138854252,-0.6733695178431438
11935,1,0,30000,0,3,4,1,1,4,1,28,0,1,-1.7052607489024187,-0.3631046706040421
13233,0,1,60000,2,3,3,1,1,2,1,57,1,0,0.24799289851601564,0.07845327015898422
25909,0,1,60000,0,3,4,1,1,4,1,27,1,3,-1.7221220432898359,1.3726277754339293
14092,1,1,30000,0,4,0,1,2,4,1,28,0,1,-1.2781241936256214,-0.07032208948724886
29143,1,0,60000,1,0,3,0,1,0,1,44,1,3,-0.6503241104249515,0.6598141796147606
24941,0,1,60000,3,0,1,1,2,2,1,66,0,2,1.7955034066028817,-1.1821974681948888
24637,0,1,40000,4,2,3,1,2,2,1,64,0,2,1.7619024145714384,-1.670173589167172
23893,0,1,50000,3,0,4,1,3,2,1,41,0,4,0.9977019192263356,-0.2676169899965084
13907,1,0,80000,3,0,4,1,1,0,1,41,1,0,0.16993774526630287,0.8496871222170284
14900,0,0,40000,1,3,0,1,1,1,1,49,1,3,-0.7148374917777756,0.09593553628129285
11262,0,0,80000,4,0,1,1,0,0,1,42,0,4,0.5162132949517393,-0.7336234056436467
22294,1,0,70000,0,0,3,0,1,3,1,37,1,3,-1.147737465351182,1.2437774522150626
12195,1,0,70000,3,1,1,1,2,1,1,52,0,4,1.3290024409980317,-0.5223316732334026
25375,0,1,50000,1,1,4,1,0,1,1,34,0,1,-1.256307375847384,-0.6076431746614477
11143,0,1,40000,0,2,4,1,2,4,1,29,0,1,-1.0940716945157811,0.09659613161151678
25898,0,0,70000,2,2,3,1,2,3,1,53,0,2,1.0378686657907752,-0.4010551660494984
24397,1,1,120000,2,0,1,0,4,1,1,40,0,5,2.0317401142359413,1.6106381903131806
19758,1,1,60000,0,3,4,0,2,1,1,29,0,1,-0.8127071582580606,0.4961589169907442
15529,0,1,60000,4,0,3,1,2,3,1,43,1,0,0.7369542324355741,0.5230408959981456
19884,0,1,60000,2,2,3,1,2,3,1,55,1,0,0.5883889918308545,0.4369621944574736
18674,1,0,80000,4,1,4,0,0,0,1,48,0,4,0.7764346808376151,-0.9308024351887348
13453,0,0,130000,3,0,1,1,3,0,1,45,1,5,1.9011031203881172,2.3027065615352917
14063,1,0,70000,0,0,3,0,1,0,2,42,1,3,-0.9308863104462851,1.0794615942608223
27393,0,0,50000,4,0,1,1,2,2,1,63,0,2,1.8592144517193196,-1.4375290248867107
14417,1,1,60000,3,2,3,1,2,2,1,54,1,0,0.8795227670381109,0.3156856872735693
17533,0,1,40000,3,3,3,0,2,4,1,73,1,0,1.4221926194189976,-0.7082773583317709
18580,0,0,60000,2,1,3,1,0,3,1,40,1,3,-0.9164375834374305,0.34434460608660755
17025,1,1,50000,0,3,4,0,1,3,1,39,1,3,-1.3423615396469442,0.7784883236541391
25293,0,1,80000,4,0,1,1,0,1,1,42,0,4,0.5162132949517393,-0.7336234056436467
24725,0,0,40000,3,3,0,1,0,1,1,31,0,1,-0.8580923245427109,-1.0171144101280216
23200,0,0,50000,3,0,4,1,2,0,1,41,0,4,0.5705653639495379,-0.5603995711133017
15895,1,0,60000,2,0,1,1,0,2,1,58,0,2,0.2597644420132162,-1.3507175789269388
18577,0,0,60000,0,1,3,1,0,0,1,40,0,1,-1.189907728020883,-0.45090113274217036
27218,0,0,20000,2,4,0,0,0,0,1,48,0,2,-0.736666940312019,-1.8212114337769134
18560,0,0,70000,2,1,3,1,0,3,1,34,1,3,-1.035976701194446,0.7413050283213096
25006,1,0,30000,0,3,4,1,1,4,1,28,0,1,-1.7052607489024187,-0.3631046706040421
17369,1,1,30000,0,3,4,1,1,4,1,27,0,1,-1.7486309798833979,-0.33024149901319416
14495,0,1,40000,3,3,3,0,2,4,1,54,1,0,0.5981582307803901,-0.08387709810565801
18847,0,0,60000,2,1,1,1,2,4,1,70,0,2,1.6344803243385637,-1.159510475783529
14754,0,1,40000,1,3,0,1,1,1,1,48,1,3,-0.7582077227587549,0.12879870787214082
23378,0,1,70000,1,3,4,1,1,3,1,44,1,3,-0.509641842296091,0.8595955723043744
26452,1,1,50000,3,1,1,1,2,2,1,69,0,2,1.7849318314169593,-1.4805683756570465
20370,0,1,70000,3,4,4,1,2,4,1,52,0,4,1.3290024409980317,-0.5223316732334026
20528,0,1,40000,2,4,4,1,2,3,1,55,0,2,0.7025623233661523,-1.066125687300036
23549,1,1,30000,0,2,4,1,2,4,1,30,0,1,-1.1913837316636626,-0.13604843266894504
21751,0,1,60000,3,1,1,1,2,1,1,63,0,2,1.6653927136599438,-1.0836079534223448
21266,1,0,80000,0,0,1,1,1,1,1,34,1,3,-1.1371658901652595,1.5421483596772207
13388,1,1,60000,2,3,3,1,1,2,1,56,0,2,0.6001605353280551,-0.9922086546284496
18752,1,0,40000,0,2,4,1,1,4,1,31,0,1,-1.4344677878306202,-0.2619127926869723
16917,0,1,120000,1,0,1,1,4,0,1,38,0,5,1.6104956460857467,1.8305042122696291
15313,0,1,60000,4,0,1,1,2,3,1,59,0,4,1.8264157959242622,-1.1062949458337044
25329,1,0,40000,3,3,0,0,2,0,1,32,0,1,0.03955101699186362,-0.4644124194852831
20380,0,0,60000,3,1,1,1,2,2,1,69,0,2,1.9256140995458195,-1.280786982967433
23089,0,1,40000,0,3,4,1,1,4,1,28,0,1,-1.5645784807735585,-0.16332327791442838
13749,0,1,80000,4,1,4,1,0,1,1,47,0,4,0.7330644498566361,-0.8979392635978868
24943,0,1,60000,3,0,1,1,2,2,1,66,0,2,1.7955034066028817,-1.1821974681948888
28667,1,1,70000,2,0,4,0,1,0,1,37,1,3,-0.47872945297471037,0.9354980946655586
15194,1,1,120000,2,0,1,0,3,0,1,39,1,5,1.1656954601851452,2.4542438771655184
17436,0,1,60000,2,2,3,0,2,1,1,51,0,2,0.8104459356999558,-0.5351102155574161
18935,0,0,130000,0,1,1,1,3,1,1,40,0,5,1.0762778147115326,1.825916359435506
16871,0,0,90000,2,2,3,1,1,2,1,51,1,0,0.4098183170167209,0.874976477772914
12100,1,1,60000,2,0,1,1,0,2,1,57,0,2,0.21639421103223677,-1.3178544073360907
23158,0,0,60000,1,1,3,0,0,0,1,35,1,3,-1.4677927445305632,0.6628001428155996
18545,0,1,40000,4,2,3,0,2,2,1,61,1,0,1.2362538538354813,-0.46805897801634655
18391,1,0,80000,5,3,3,1,2,4,1,44,0,4,1.7917308736555286,-0.36792426536650835
19812,1,0,70000,2,3,3,1,0,4,1,49,1,0,-0.38542323647975624,0.2483574544585894
27660,0,1,80000,4,1,1,1,2,4,1,70,0,4,2.584852872972755,-1.068227047953805
18058,1,0,20000,3,2,4,1,2,3,1,78,0,2,1.7532171058591917,-2.3756810980435206
20343,0,0,90000,4,3,3,1,1,1,1,45,0,4,1.2141428113003354,-0.3396489466097836
28997,1,1,40000,2,2,3,0,1,3,1,58,1,0,0.009998593239274118,-0.3539726868110914
24398,0,1,130000,1,1,1,1,4,0,1,41,0,5,1.8812886071575454,1.9316960901866989
19002,0,0,60000,2,3,3,1,1,3,1,57,1,0,0.24799289851601564,0.07845327015898422
28609,0,1,30000,2,2,4,0,2,0,1,49,0,2,0.301658669351416,-1.0687280504445615
29231,1,1,80000,4,3,3,0,2,0,1,43,0,4,1.4138566364863139,-0.18092141500090841
18858,1,1,60000,2,4,4,1,2,4,1,52,1,0,0.4582782988879166,0.5355517092300175
20000,0,1,60000,1,1,3,1,0,0,1,35,1,3,-1.4677927445305632,0.6628001428155996
25261,0,1,40000,0,2,4,1,2,4,1,27,0,1,-1.18081215647774,0.16232247479321282
17458,1,1,70000,3,2,3,1,0,4,1,52,1,0,0.07919146265141738,-0.0043717390887068035
11644,1,1,40000,2,0,4,1,0,3,1,36,0,1,-0.9757451758260501,-1.0272905893075095
16145,1,0,70000,5,1,3,1,3,2,1,46,1,0,1.7693877549724064,0.7628756762572569
16890,0,1,60000,3,4,4,1,2,4,1,52,1,0,0.7927823050761524,0.3814120304552655
25983,0,1,70000,0,0,3,0,1,0,1,43,0,1,-0.49197821167228706,-0.05692667370830729
14633,0,1,60000,1,3,4,1,1,3,1,44,0,1,-0.25478624263193267,-0.44371091676352115
22994,0,0,80000,0,0,1,1,1,1,1,34,1,3,-1.1371658901652595,1.5421483596772207
22983,1,0,30000,0,4,0,1,2,4,1,27,0,1,-1.3214944246066005,-0.037458917896400865
25184,1,1,110000,1,3,3,1,4,4,1,45,1,5,1.3778671270307228,2.5042057148223607
14469,0,0,100000,3,3,3,1,4,1,1,45,0,5,2.3017307390713526,0.8926198682049611
11538,1,0,60000,4,1,4,0,0,0,1,47,1,0,0.05616204580589631,-0.19397695259883296
16245,1,0,80000,4,1,4,1,0,1,1,47,0,4,0.7330644498566361,-0.8979392635978868
17858,0,1,40000,4,2,4,1,2,3,1,44,1,0,0.4989599271588327,0.09061493902807016
25347,1,0,20000,3,4,0,0,2,0,1,49,0,2,0.4954804074107913,-1.4226491219089272
15814,1,0,40000,0,2,4,1,1,4,1,30,0,1,-1.4778380188115996,-0.22904962109612428
11259,0,0,100000,4,3,3,1,4,3,1,41,1,5,2.067215953542652,1.9734579721718832
11200,0,1,70000,4,0,1,1,1,1,1,58,0,4,1.4965912777953458,-1.1664329626700358
25101,0,1,60000,5,0,3,1,1,3,1,47,0,4,1.2133404750639485,-1.1588591466350735
21801,0,0,70000,4,3,3,1,1,1,1,55,0,4,1.3664805848524078,-1.0678434478974916
25943,1,0,70000,0,3,4,0,2,0,1,27,1,3,-1.1543032198841778,1.8651917492403365
22127,0,1,60000,3,1,1,1,2,1,1,67,0,2,1.838873637583861,-1.2150606397857369
20414,0,0,60000,0,3,4,1,2,4,1,29,0,1,-0.8127071582580606,0.4961589169907442
23672,0,0,60000,3,1,1,1,2,1,1,67,0,2,1.838873637583861,-1.2150606397857369
29255,1,1,80000,3,3,3,0,1,1,1,51,1,0,0.6036400550760963,0.5210554063085481
28815,0,0,50000,1,1,4,1,0,0,1,35,0,1,-1.2129371448664046,-0.6405063462522959
27753,0,1,40000,0,2,4,0,2,1,1,30,0,1,-1.0507014635348022,0.06373296002066876
27643,1,1,70000,5,3,3,1,3,3,1,44,0,4,2.0781851608034665,-0.27492307693932905
13754,1,0,80000,4,1,4,1,0,1,1,48,0,4,0.7764346808376151,-0.9308024351887348
22088,0,0,130000,1,0,1,1,2,0,1,45,1,5,0.8049585527348486,2.3182033379680025
27388,0,1,60000,3,0,1,0,2,1,1,66,0,2,1.7955034066028817,-1.1821974681948888
24745,1,0,30000,2,2,4,0,2,0,1,49,0,2,0.301658669351416,-1.0687280504445615
29237,1,0,120000,4,3,3,1,3,4,1,43,1,5,2.0081843964855346,2.0145118332526217
15272,1,1,40000,0,2,4,0,2,1,1,30,0,1,-1.0507014635348022,0.06373296002066876
18949,1,1,70000,0,1,1,1,2,4,1,74,1,0,0.884097636221851,0.32062268447047865
14507,0,1,100000,2,1,1,1,3,1,1,65,0,5,2.407494797225906,0.09671353404595971
25886,0,0,60000,2,3,3,1,2,3,1,56,1,0,0.631759222811834,0.4040990228666253
21441,0,1,50000,4,0,1,1,2,2,1,64,0,2,1.9025846827002986,-1.470392196477559
21741,0,0,70000,3,3,3,1,2,4,1,50,1,0,0.8467241112430541,0.6469197663265756
14572,0,0,70000,3,1,3,1,0,3,1,35,1,3,-0.6581024640252312,0.5543021779557098
23368,0,0,60000,5,0,4,1,3,2,1,41,0,4,1.8073921997316673,-0.3761149548563989
16217,1,0,60000,0,1,4,1,0,0,1,39,0,1,-1.233277959001862,-0.41803796115132213
16247,1,0,60000,4,1,4,0,0,1,1,47,0,4,0.45169991359891504,-1.2975020489771145
22010,1,1,40000,0,2,4,1,2,4,1,31,0,1,-1.0073312325538228,0.03086978842982094
25872,1,0,70000,2,0,1,0,1,3,1,58,1,0,0.4320453976258555,0.24537149125774993
19164,1,0,70000,0,0,3,0,1,3,1,38,1,3,-1.1043672343702027,1.2109142806242144
18435,1,0,70000,5,1,1,1,2,2,1,67,1,0,2.253026050296174,-0.22003350826734522
14284,1,1,60000,0,3,3,0,2,1,1,32,1,3,-1.0781343331081414,1.5010944985964818
11287,0,1,70000,5,3,3,0,3,4,1,45,0,4,2.121555391784445,-0.30778624853017705
13066,1,1,30000,0,2,4,0,2,1,1,31,1,3,-1.543551368475702,0.9346134921184888
29106,1,1,40000,0,2,4,0,2,1,1,31,1,3,-1.4028691003468416,1.1343948848081027
26236,0,0,40000,3,3,0,1,1,0,1,31,0,1,-0.4309557692659133,-0.7243318290112282
17531,0,1,60000,2,2,3,0,2,4,1,50,0,2,0.7670757047189766,-0.5022470439665682
12964,0,1,70000,1,3,4,1,1,0,1,44,0,1,-0.11410397450307216,-0.2439295240739073
19133,1,1,50000,2,0,4,1,1,3,1,38,1,3,-0.7167237582514522,0.5030721376954831
24643,1,0,60000,4,0,1,1,2,2,1,63,0,4,1.9998967198481803,-1.237747632197097
21599,0,0,60000,1,1,3,1,0,3,1,36,1,3,-1.424422513549584,0.629936971224752
22976,1,1,40000,0,2,4,0,2,0,1,28,1,3,-1.5329797932897802,1.2329843995806469
27637,1,0,100000,1,3,3,0,3,1,1,44,0,5,1.1622159404371044,0.9409798162285207
11890,0,0,70000,5,1,3,1,1,0,1,47,0,4,1.3540227431928091,-0.9590777539454597
28580,0,0,80000,0,1,4,1,0,1,1,40,1,3,-1.3040810595561811,1.0521867490153394
14443,0,1,130000,1,1,1,1,4,0,1,40,0,5,1.8379183761765658,1.9645592617775465
17864,0,0,60000,1,3,4,1,1,3,1,46,1,3,-0.5635836484629928,0.5940878364330646
20505,0,0,40000,5,2,3,0,2,2,1,61,0,4,1.966295727816736,-1.7257237531693803
14592,0,0,60000,0,1,3,1,0,0,1,40,0,1,-1.189907728020883,-0.45090113274217036
22227,0,0,60000,2,2,3,1,2,4,1,50,0,2,0.7670757047189766,-0.5022470439665682
21471,0,1,70000,2,3,3,1,1,2,1,59,0,2,0.8709534963998536,-0.8910167767113799
22252,1,0,60000,1,1,3,1,0,3,1,36,1,3,-1.424422513549584,0.629936971224752
21260,1,0,40000,0,2,4,1,2,4,1,30,0,1,-1.0507014635348022,0.06373296002066876
11817,1,0,70000,4,1,3,1,0,3,1,35,1,0,-0.3235984578369953,0.4001624991809575
19223,0,0,30000,2,2,4,1,2,1,1,48,0,2,0.25828843837043663,-1.0358648788537135
18517,0,1,100000,3,0,1,1,4,0,1,41,0,5,2.128249815147435,1.0240725545683533
21717,0,1,40000,2,3,0,1,1,0,1,47,0,2,-0.07153607975847978,-1.096002895690045
13760,0,1,60000,4,1,4,0,0,0,1,47,0,4,0.45169991359891504,-1.2975020489771145
18145,0,1,80000,5,0,1,0,2,3,0,62,0,4,2.572395031313157,-0.9594613540017731
21770,0,1,60000,4,0,1,1,2,2,1,60,0,4,1.869786026905242,-1.1391581174245526
11165,0,0,60000,0,3,4,0,1,1,1,33,0,1,-1.066362789610941,0.07192364951055925
16377,1,0,80000,4,1,4,0,0,0,1,47,0,4,0.7330644498566361,-0.8979392635978868
26248,0,1,20000,3,4,0,0,2,0,1,52,0,2,0.6255911003537292,-1.5212386366814712
23461,0,0,90000,5,3,3,1,3,3,1,40,0,4,2.18606877313727,0.2560923948032903
29133,1,0,60000,4,0,4,0,2,0,1,42,0,4,1.089121869247614,-0.547621028789288
27673,1,0,60000,3,1,1,1,2,4,1,53,1,0,0.8361525360571317,0.3485488588644174
12774,0,0,40000,1,3,0,1,1,1,1,51,1,3,-0.628097029815817,0.030209193099596816
18910,1,1,30000,0,3,4,1,2,4,1,30,0,1,-1.1913837316636626,-0.13604843266894504
11699,1,1,60000,0,0,4,0,2,0,1,30,0,1,-0.7693369272770814,0.46329574539989676
16725,0,1,30000,0,2,4,1,2,4,1,26,0,1,-1.3648646555875799,-0.0045957463055530026
28269,1,0,130000,1,0,1,0,1,3,1,45,0,5,0.7733598652510698,0.921895660472927
23144,0,1,50000,1,0,4,1,0,0,1,34,1,3,-1.6518452436404032,0.4958819217168343
23376,0,1,70000,1,0,3,1,1,3,1,44,1,3,-0.509641842296091,0.8595955723043744
25970,1,0,60000,4,0,4,0,2,0,1,41,1,0,0.6502137704736156,0.5887672391798419
28068,1,0,80000,3,1,3,0,0,0,1,36,1,3,-0.4740499649153914,0.7212203990544754
18390,0,1,80000,5,3,3,1,2,0,1,44,0,4,1.7917308736555286,-0.36792426536650835
29112,1,1,60000,0,3,3,0,2,1,1,30,0,1,-0.7693369272770814,0.46329574539989676
14090,0,0,30000,0,4,0,0,2,0,1,28,0,1,-1.2781241936256214,-0.07032208948724886
27040,0,1,20000,2,4,0,1,2,1,1,49,0,2,0.16097640122255558,-1.2685094431341757
23479,1,1,90000,0,3,3,0,2,0,1,43,1,3,-0.1790149879307875,1.7389437891659951
16795,0,0,70000,4,0,1,1,1,1,1,59,0,4,1.539961508776325,-1.199296134260884
22014,1,1,30000,0,2,4,1,2,4,1,26,0,1,-1.3648646555875799,-0.0045957463055530026
13314,0,1,120000,1,2,3,1,4,4,1,46,1,5,1.5619196261405628,2.671123935921127
11619,1,0,50000,0,1,4,1,0,1,1,33,0,1,-1.6341816130165991,-0.42064032429584775
29132,1,0,40000,0,0,3,1,1,3,1,42,1,3,-1.3529331148328667,0.4801174161919811
11199,0,0,70000,4,0,1,1,1,2,1,59,0,4,1.539961508776325,-1.199296134260884
20296,1,0,60000,0,3,4,0,1,1,1,33,1,3,-1.4619006574039601,1.175448745888841
17546,0,0,70000,1,3,4,1,1,0,1,44,1,3,-0.509641842296091,0.8595955723043744
18069,0,1,70000,5,0,1,1,4,2,1,60,0,4,3.1992454117759324,-0.5079512412761046
23712,1,0,70000,2,0,1,1,1,2,1,59,0,2,0.8709534963998536,-0.8910167767113799
23358,0,1,60000,0,2,3,1,2,4,1,32,1,3,-1.0781343331081414,1.5010944985964818
20518,0,0,70000,2,3,3,1,1,2,1,58,0,2,0.8275832654188742,-0.8581536051205317
28026,0,0,40000,2,2,3,0,2,3,1,59,0,2,0.8760432472900698,-1.1975783736634282
11669,1,0,70000,2,0,4,1,1,3,1,38,0,1,-0.03982135420071245,-0.20089017330357103
16020,0,1,40000,0,2,4,1,2,4,1,28,1,3,-1.5329797932897802,1.2329843995806469
27090,0,0,60000,1,1,3,1,0,3,1,37,1,3,-1.3810522825686045,0.5970737996339036
27198,1,0,80000,0,1,4,0,0,0,1,40,0,1,-0.9085431917631621,-0.05133834736294266
19661,1,1,90000,4,0,1,1,1,1,1,38,1,0,0.5150133266404613,0.9939183509044341
26327,0,1,70000,4,1,3,1,0,3,1,36,1,0,-0.28022822685601606,0.3672993275901096
26341,0,0,70000,5,1,3,1,2,0,1,37,0,4,1.3474569886598131,-0.33766345692018596
24958,1,0,40000,5,2,3,0,3,3,1,60,1,0,1.9545241843195351,-0.2965529040834572
13287,1,1,110000,4,0,1,1,4,4,1,42,1,5,2.251268452652492,2.140376193270649
14493,1,0,70000,3,1,1,0,2,1,1,53,0,4,1.372372671979011,-0.5551948448242505
26678,1,0,80000,2,4,4,1,2,4,1,49,0,4,1.0050700099957184,-0.06982108699649252
23275,0,1,30000,2,2,4,1,2,1,1,49,0,2,0.301658669351416,-1.0687280504445615
11270,0,1,130000,2,1,1,1,3,0,1,42,1,5,1.4364884212569438,2.555435755082588
20084,0,1,20000,2,2,2,0,2,0,1,53,0,2,0.33445732514647286,-1.3999621294975675
16144,0,1,70000,1,1,3,1,1,0,1,46,1,3,-0.42290138033413227,0.7938692291226782
27731,0,1,40000,0,2,4,1,2,4,1,27,0,1,-1.18081215647774,0.16232247479321282
11886,0,0,60000,3,0,3,1,1,0,1,48,1,0,0.19216482587543737,0.2200821357018646
24324,1,0,60000,4,0,4,1,2,3,1,41,1,0,0.6502137704736156,0.5887672391798419
22220,0,1,60000,2,2,3,0,2,1,1,49,1,0,0.3281676059449786,0.6341412240025615
26625,1,0,60000,0,1,3,1,1,3,1,38,1,3,-1.245049502499063,1.0111328879346009
23027,1,1,130000,1,0,1,0,4,0,1,44,0,5,2.011399300100483,1.833106575414155
16867,1,0,130000,1,0,1,0,3,0,1,45,1,5,1.232095108011646,2.6109859190847957
14514,1,0,30000,0,3,4,1,1,4,1,26,0,1,-1.7920012108643777,-0.2973783274223461
19634,0,1,40000,0,2,4,1,1,4,1,31,0,1,-1.4344677878306202,-0.2619127926869723
18504,0,1,70000,2,4,4,0,2,1,1,49,0,2,0.8643877418668577,-0.2696024796861063
28799,1,0,40000,2,3,0,0,1,1,1,47,1,0,-0.46707394755149856,0.0075222006882369845
11225,0,0,60000,2,3,3,1,1,2,1,55,0,2,0.5567903043470758,-0.9593454830376013
17657,0,1,40000,4,3,0,0,0,0,1,30,0,1,-0.5669585493354544,-1.1383909173119255
14913,0,0,40000,1,3,0,1,1,1,1,48,1,3,-0.7582077227587549,0.12879870787214082
14077,1,1,30000,0,2,4,1,2,4,1,30,0,1,-1.1913837316636626,-0.13604843266894504
13296,0,1,110000,1,0,1,1,3,4,1,45,0,5,1.346268439546944,1.1078980373272858
20535,0,0,70000,4,3,3,1,1,2,1,56,0,4,1.4098508158333873,-1.1007066194883397
12452,0,1,60000,4,1,4,1,0,1,1,47,1,0,0.05616204580589631,-0.19397695259883296
28043,0,0,60000,2,0,1,1,0,2,1,56,0,2,0.17302398005125746,-1.2849912357452429
12957,1,0,70000,1,0,3,0,1,0,1,44,0,1,-0.11410397450307216,-0.2439295240739073
15412,0,1,130000,2,1,1,1,3,3,1,69,0,5,3.0030225255364043,0.564605025751409
20514,0,0,70000,2,3,3,1,1,3,1,59,0,2,0.8709534963998536,-0.8910167767113799
20758,0,1,30000,2,2,4,1,2,1,1,50,0,2,0.34502890033239525,-1.1015912220354096
11801,0,1,60000,1,1,3,1,0,3,1,36,0,1,-1.028884645756565,-0.47358812515353
22211,0,1,60000,0,3,3,1,2,4,1,32,0,1,-0.6825964653151226,0.3975694022182003
28087,1,0,40000,0,3,4,0,1,1,1,27,0,1,-1.6079487117545375,-0.13046010632358013
23668,0,0,40000,4,2,3,1,2,4,1,59,1,0,1.1495133918735225,-0.40233263483465015
27441,0,1,60000,3,2,3,0,2,3,1,53,0,4,1.2316904038501502,-0.7549762375138642
27261,0,1,40000,1,0,4,0,1,0,1,36,1,3,-1.2786504945305068,0.5231567669623172
18649,1,1,30000,1,2,0,1,2,1,1,51,1,0,-0.34164274266788,0.12321038152677623
21714,1,0,80000,5,1,4,0,0,0,1,47,0,4,1.0675684560448717,-1.0520789423726389
23217,1,0,60000,3,1,3,1,0,3,1,43,1,0,-0.45182288430625694,0.09161541253931155
23797,1,1,20000,3,4,0,0,2,0,1,50,0,2,0.5388506383917707,-1.4555122934997757
13216,0,0,60000,5,0,1,1,3,2,1,59,0,4,2.588056357389296,-0.9676520434916633
20657,1,1,50000,2,0,4,1,0,3,1,37,1,3,-1.187230544509229,0.24315272816953792
12882,0,1,50000,1,1,4,1,0,0,1,33,1,3,-1.6952154746213821,0.5287450933076822
25908,0,0,60000,0,3,4,0,1,1,1,27,0,1,-1.3265841754968166,0.2691026790556473
16753,1,0,70000,0,3,4,1,2,4,1,34,1,3,-0.8507116030173223,1.6351495481043998
14608,0,1,50000,4,0,4,1,3,2,1,42,0,4,1.3755761563955506,-0.4546198403621086
24979,0,0,60000,2,3,3,1,2,3,1,57,1,0,0.6751294537928134,0.37123585127577735
13313,0,0,120000,1,2,3,0,4,3,1,45,0,5,1.9140872629526022,1.6004620111336927
18952,0,0,100000,4,0,1,1,4,0,1,40,0,5,2.419383590354691,0.9027960473844493
17699,0,1,60000,1,1,4,0,0,0,1,55,0,2,-0.20485025711795773,-1.0979883853796424
14657,0,1,80000,1,3,4,0,1,0,1,47,1,3,-0.2388488812242926,0.9607874502214441
11540,1,1,60000,4,1,4,1,0,1,1,47,1,0,0.05616204580589631,-0.19397695259883296
11783,0,0,60000,1,1,4,1,0,0,1,34,0,1,-1.1156251077185235,-0.4078617819718339
14602,0,0,80000,3,1,3,1,0,0,1,36,1,3,-0.4740499649153914,0.7212203990544754
29030,0,1,70000,2,4,4,1,2,2,1,54,0,2,1.0812388967717546,-0.4339183376403466
26490,1,1,70000,2,0,1,0,1,3,1,59,1,0,0.4754156286068348,0.21250831966690195
13151,1,1,40000,0,2,4,1,2,4,1,27,0,1,-1.18081215647774,0.16232247479321282
17260,0,1,90000,5,3,3,1,3,0,1,41,0,4,2.229439004118249,0.22322922321244254
15372,0,1,80000,3,3,3,0,2,3,1,50,1,0,0.9874063793719147,0.8467011590161893
18105,0,0,60000,2,3,3,1,1,2,1,55,0,2,0.5567903043470758,-0.9593454830376013
19660,0,1,80000,4,0,1,1,0,0,1,43,0,4,0.5595835259327187,-0.7664865772344948
16112,1,1,70000,4,0,3,1,2,3,1,43,1,0,0.8776365005644347,0.7228222886877596
20698,0,1,60000,4,0,4,1,3,4,1,42,0,4,1.5162584245244115,-0.254838447672495
20076,1,0,10000,2,2,2,1,2,1,1,53,1,0,-0.20176281077540634,-0.49621842580889963
24496,1,0,40000,0,2,4,0,2,0,1,28,1,3,-1.5329797932897802,1.2329843995806469
15468,0,0,50000,1,0,4,1,1,0,1,35,0,1,-0.7858005895896072,-0.3477237651355025
28031,1,0,70000,2,0,1,0,1,3,1,59,1,0,0.4754156286068348,0.21250831966690195
26270,1,0,20000,2,4,0,1,2,1,1,49,0,2,0.16097640122255558,-1.2685094431341757
22221,0,1,60000,2,2,3,0,2,1,1,48,1,0,0.2847973749639992,0.6670043955934097
28228,1,0,80000,2,4,4,0,2,1,1,50,0,4,1.0484402409766975,-0.10268425858734055
18363,0,1,40000,0,2,4,1,2,4,1,28,1,3,-1.5329797932897802,1.2329843995806469
23256,1,1,30000,1,2,0,0,1,4,1,52,0,2,-0.3298711991706794,-1.3059604675591465
12768,0,1,30000,1,2,0,1,1,3,1,52,1,3,-0.7254090669636981,-0.20243537118086494
20361,0,1,50000,2,1,1,1,2,4,1,69,0,2,1.4504278252287233,-1.3264286968822947
21306,1,1,60000,2,2,3,1,2,4,1,51,0,2,0.8104459356999558,-0.5351102155574161
13382,0,1,70000,5,3,3,1,2,1,1,57,1,0,1.8193237404863807,0.10859820764113527
20310,1,1,60000,0,3,4,1,1,4,1,27,1,3,-1.7221220432898359,1.3726277754339293
22971,1,0,30000,0,2,4,0,2,0,1,25,1,3,-1.8037727543615787,1.1317925216635771
15287,1,0,50000,1,1,4,1,0,1,1,33,1,3,-1.6952154746213821,0.5287450933076822
15532,1,1,60000,4,0,3,1,2,3,1,43,1,0,0.7369542324355741,0.5230408959981456
11255,0,1,70000,4,1,1,1,2,4,1,73,0,4,2.5742812977868335,-1.366597955415963
28090,0,1,40000,0,3,4,1,1,4,1,27,0,1,-1.6079487117545375,-0.13046010632358013
15255,0,1,40000,0,2,4,1,2,4,1,28,1,3,-1.5329797932897802,1.2329843995806469
13154,0,1,40000,0,2,4,0,2,0,1,27,1,3,-1.5763500242707589,1.2658475711714945
26778,1,0,40000,0,2,4,1,2,4,1,31,0,1,-1.0073312325538228,0.03086978842982094
23248,0,0,10000,2,2,2,1,2,1,1,53,0,2,0.19377505701761244,-1.5997435221871814
21417,1,0,60000,0,3,3,0,2,1,1,32,1,3,-1.0781343331081414,1.5010944985964818
17668,1,1,30000,2,2,4,1,2,1,1,50,1,0,-0.050508967460623534,0.0019338743428722513
27994,0,0,40000,4,2,3,1,2,4,1,69,0,2,1.9787535694763347,-1.8344894471214126
20376,1,0,70000,3,1,1,1,2,4,1,52,1,0,0.9334645732050126,0.5811934231448793
25954,0,1,60000,0,3,4,0,2,1,1,31,0,1,-0.725966696296102,0.43043257380904837
15749,1,0,70000,4,0,1,1,2,2,1,61,0,4,2.0538385260150815,-0.9722398963257868
25899,0,0,70000,2,2,3,1,2,2,1,53,0,2,1.0378686657907752,-0.4010551660494984
13351,1,0,70000,4,0,1,1,2,1,1,62,1,0,1.7016708892030417,0.09842202846164684
23333,0,1,40000,0,3,4,0,2,1,1,30,0,1,-1.0507014635348022,0.06373296002066876
21660,0,0,60000,3,1,3,1,0,3,1,43,1,0,-0.45182288430625694,0.09161541253931155
17012,0,0,60000,3,1,3,1,0,3,1,42,1,0,-0.4951931152872363,0.12447858413015965
24514,0,1,40000,0,3,4,1,1,4,1,30,0,1,-1.4778380188115996,-0.22904962109612428
27505,1,0,40000,0,2,4,1,2,4,1,30,0,1,-1.0507014635348022,0.06373296002066876
29243,1,1,110000,1,0,1,1,1,4,1,43,0,5,0.40525486703139013,0.5880592182753958
26582,0,1,60000,0,3,4,1,2,4,1,33,1,3,-1.034764102127162,1.4682313270056342
14271,0,1,30000,0,2,4,1,2,4,1,32,0,1,-1.104643269701704,-0.20177477585064096
23041,1,0,70000,4,2,3,1,0,4,1,50,1,0,0.3269550068776946,-0.09278507468176284
29048,1,1,110000,2,0,1,0,3,0,1,37,1,5,0.9382727300943265,2.3201888276576006
24433,0,1,70000,3,2,3,0,1,1,1,52,1,0,0.506328017928215,0.2884108420280862
15501,0,1,70000,4,1,3,1,0,3,1,36,1,0,-0.28022822685601606,0.3672993275901096
13911,1,0,80000,3,0,4,1,2,3,1,41,1,0,0.5970743005431006,1.1424697033338214
20421,1,0,40000,0,4,0,1,2,4,1,26,0,1,-1.2241823874587192,0.1951856463840609
16009,1,1,170000,1,1,1,0,4,0,1,66,0,5,3.5282734541974694,1.909242371173954
18411,0,1,60000,2,2,3,0,2,4,1,51,0,2,0.8104459356999558,-0.5351102155574161
19163,0,0,70000,4,0,3,1,2,0,1,43,1,0,0.8776365005644347,0.7228222886877596
18572,0,0,60000,0,1,3,1,0,0,1,39,0,1,-1.233277959001862,-0.41803796115132213
27540,1,0,70000,0,0,3,0,1,0,1,37,1,3,-1.147737465351182,1.2437774522150626
19889,1,0,70000,2,4,4,0,2,3,1,54,1,0,0.6857010289787359,0.6696067587379354
12922,1,0,60000,3,0,4,1,0,3,1,40,1,3,-0.581933577249195,0.19020492731185568
18891,0,0,40000,0,3,4,1,2,4,1,28,0,1,-1.1374419254967607,0.129459303202365
16773,0,1,60000,1,1,4,1,0,0,1,33,0,1,-1.158995338699503,-0.3749986103809858
19143,1,0,80000,3,0,4,1,2,3,1,41,1,0,0.5970743005431006,1.1424697033338214
23882,1,0,80000,3,1,3,1,0,0,1,37,1,3,-0.430679733934412,0.6883572274636274
11233,0,1,70000,4,3,3,1,2,2,1,53,0,4,1.706876678167247,-0.7093345235990027
12056,0,1,120000,2,1,1,1,3,4,1,64,0,5,2.6454891025026472,0.5291394910160359
15555,0,0,60000,1,3,4,1,1,3,1,45,1,3,-0.6069538794439722,0.6269510080239128
18423,1,1,80000,2,4,4,0,2,1,1,52,0,4,1.1351807029386562,-0.1684106017690368
22743,0,0,40000,5,2,3,1,2,2,1,60,0,4,1.9229254968357568,-1.6928605815785323
25343,1,0,20000,3,4,0,1,2,1,1,50,0,2,0.5388506383917707,-1.4555122934997757
13390,0,0,70000,4,3,3,0,1,1,1,56,0,4,1.4098508158333873,-1.1007066194883397
17482,1,0,40000,0,4,0,1,2,4,1,29,0,1,-1.0940716945157811,0.09659613161151678
13176,1,1,130000,0,1,1,0,2,0,1,38,1,5,0.1668629296797575,2.702385217878691
20504,0,0,40000,5,2,3,0,2,3,1,60,0,4,1.9229254968357568,-1.6928605815785323
12205,1,0,130000,2,0,1,0,4,0,1,67,0,5,3.343418618851243,0.9231139500498982
16751,0,1,60000,0,3,4,1,1,4,1,32,1,3,-1.5052708883849395,1.208311917479689
21613,1,1,50000,2,0,4,0,1,0,1,39,1,3,-0.6733535272704728,0.47020896610463503
24801,1,1,60000,1,1,3,1,0,3,1,35,1,3,-1.4677927445305632,0.6628001428155996
17519,0,0,60000,0,3,3,1,2,4,1,32,0,1,-0.6825964653151226,0.3975694022182003
18347,1,0,30000,0,3,4,0,1,1,1,31,0,1,-1.5751500559594813,-0.46169418537658613
29052,1,1,40000,0,3,4,1,1,4,1,27,0,1,-1.6079487117545375,-0.13046010632358013
11745,0,0,60000,1,0,3,1,1,0,1,47,1,3,-0.5202134174820134,0.5612246648422167
19147,0,1,40000,0,0,3,0,1,0,1,42,0,1,-0.9573952470398478,-0.6234076801863009
19217,0,1,30000,2,2,4,1,2,1,1,49,0,2,0.301658669351416,-1.0687280504445615
15839,1,1,30000,0,3,4,1,1,4,1,32,0,1,-1.5317798249785015,-0.4945573569674341
13714,0,0,20000,2,2,2,0,2,1,1,53,1,0,-0.061080542646545936,-0.2964370331192858
22330,0,1,50000,0,1,4,1,0,1,1,32,1,3,-2.073089711790597,0.7157479436732821
18783,1,1,80000,0,0,1,0,1,0,1,38,1,3,-0.963684966241342,1.4106956733138285
25041,1,1,40000,0,2,4,1,2,4,1,31,0,1,-1.0073312325538228,0.03086978842982094
22046,1,0,80000,0,0,1,0,1,0,1,38,1,3,-0.963684966241342,1.4106956733138285
28052,0,1,60000,2,2,3,1,2,2,1,55,0,2,0.9839268596238732,-0.6665629019208081
26693,0,1,70000,3,3,3,1,1,4,1,49,0,4,0.771755192778296,-0.7165247395776515
24955,1,1,30000,5,4,4,1,3,2,1,60,1,0,1.813841916190675,-0.4963342967730709
26065,1,0,110000,3,0,1,0,4,1,1,42,0,5,2.3123023142572747,1.1909907756671192
13942,0,1,60000,1,3,4,1,1,0,1,46,0,1,-0.168045780669974,-0.5094372599452172
11219,0,1,60000,2,2,3,1,2,2,1,55,0,2,0.9839268596238732,-0.6665629019208081
22118,1,0,70000,3,1,1,1,2,4,1,53,1,0,0.976834804185992,0.5483302515540313
23197,0,1,50000,3,0,4,1,2,3,1,40,0,4,0.5271951329685587,-0.5275363995224537
14883,0,0,30000,1,0,4,1,1,4,1,53,1,0,-0.682038835982719,-0.23529854277171297
27279,1,0,70000,2,0,4,1,0,3,1,38,1,3,-0.8624957772705288,0.6098523419579176
18322,1,1,30000,0,4,0,0,2,0,1,26,0,1,-1.3648646555875799,-0.0045957463055530026
15879,0,1,70000,5,0,1,1,2,3,1,61,0,4,2.3883425322033176,-1.1263795751005385
28278,0,1,50000,2,1,1,1,2,4,1,71,0,2,1.5371682871906824,-1.3921550400639906
24416,0,1,90000,4,2,3,1,2,1,1,45,0,4,1.641279366577133,-0.046866365492990565
28066,0,1,80000,2,1,3,1,0,0,1,37,1,3,-0.7651837401226474,0.8424969062383793
11275,0,0,80000,4,1,1,1,2,0,1,72,1,0,2.276055467141696,-0.030428294757219667
14872,0,1,30000,0,1,4,1,0,0,1,32,0,1,-1.958916380255299,-0.7873399380842275
16151,0,0,60000,1,0,3,1,1,3,1,48,1,3,-0.47684318650103413,0.5283614932513686
19731,0,1,80000,4,1,1,1,2,4,1,68,0,4,2.4981124110107973,-1.0025007047721093
23801,0,0,20000,2,4,0,1,2,0,1,49,0,2,0.16097640122255558,-1.2685094431341757
11807,0,1,70000,3,1,3,1,0,3,1,34,0,1,-0.30593482721319176,-0.516359746831724
11622,0,1,50000,0,1,4,1,0,0,1,32,0,1,-1.6775518439975783,-0.3877771527049998
26597,1,0,60000,4,0,4,0,2,0,1,42,0,4,1.089121869247614,-0.547621028789288
27074,0,0,70000,1,1,4,1,0,0,1,35,1,3,-1.3271104764017028,0.8625815355052138
19228,0,0,40000,2,3,0,1,1,0,1,48,0,2,-0.028165848777500425,-1.1288660672808928
13415,1,1,100000,1,1,1,1,3,3,1,73,1,5,2.0244147710924856,1.0914729364722096
17000,1,0,70000,4,0,4,1,2,3,1,43,1,0,0.8776365005644347,0.7228222886877596
14569,0,1,60000,1,1,3,1,0,0,1,35,0,1,-1.0722548767375444,-0.4407249535626822
13873,0,1,70000,3,1,3,1,0,0,1,35,1,3,-0.6581024640252312,0.5543021779557098
20401,0,0,50000,4,0,1,1,2,1,1,64,1,0,1.5070468149072802,-0.36686710009927687
21583,0,0,50000,1,0,4,1,0,0,1,34,1,3,-1.6518452436404032,0.4958819217168343
12029,0,1,30000,0,4,0,0,2,0,1,28,0,1,-1.2781241936256214,-0.07032208948724886
18066,1,1,70000,5,0,1,1,3,2,1,60,1,0,2.3765709887061166,0.3027912739853841
28192,0,0,70000,5,1,3,1,3,2,1,46,0,4,2.1649256227654243,-0.340649420121025
16122,0,1,40000,4,2,4,1,2,0,1,44,1,0,0.4989599271588327,0.09061493902807016
18607,1,0,60000,4,0,4,1,2,3,1,42,1,0,0.6935840014545948,0.5559040675889938
28858,1,1,80000,3,0,4,1,0,3,1,40,0,4,0.09496882680154468,-0.5137573836871985
14432,1,1,90000,4,1,1,1,1,4,1,73,0,4,2.4285092787677565,-1.2598177511535287
26305,1,0,60000,2,0,4,0,0,0,1,36,1,3,-1.0899185073613478,0.47579729244999985
22050,1,1,90000,4,0,1,1,1,1,1,38,1,0,0.5150133266404613,0.9939183509044341
25394,0,1,60000,1,1,3,1,0,3,1,34,1,3,-1.5111629755115425,0.6956633144064478
19747,0,1,50000,4,0,1,1,2,2,1,63,0,2,1.8592144517193196,-1.4375290248867107
23195,1,1,50000,3,0,4,1,2,3,1,41,1,0,0.17502749615651916,0.5431255252649803
21695,0,1,60000,0,1,4,1,0,1,1,39,1,3,-1.6288158267948813,0.6854871352269597
13934,0,1,40000,4,2,4,1,2,3,1,46,0,4,0.9812382569138102,-1.0786365005319078
13337,0,0,80000,5,0,1,1,2,4,1,64,0,4,2.6591354932751154,-1.0251876971834688
27190,0,0,40000,3,3,0,1,1,1,1,32,0,1,-0.38758553828493386,-0.7571950006020763
28657,1,1,60000,2,0,4,1,0,3,1,36,1,3,-1.0899185073613478,0.47579729244999985
21713,1,1,80000,5,1,4,0,0,0,1,47,0,4,1.0675684560448717,-1.0520789423726389
21752,0,1,60000,3,1,1,1,2,2,1,64,0,2,1.7087629446409232,-1.1164711250131927
27273,1,1,70000,3,1,3,0,0,0,1,35,1,3,-0.6581024640252312,0.5543021779557098
22719,1,1,110000,3,0,1,1,4,3,1,40,1,5,1.8300239845022979,2.3602422152270974
22042,0,0,70000,0,3,4,1,2,4,1,34,1,3,-0.8507116030173223,1.6351495481043998
21451,0,0,40000,4,2,3,1,2,2,1,61,0,2,1.6317917216285003,-1.571584074394628
20754,0,1,30000,2,2,4,1,2,1,1,51,0,2,0.3883991313133746,-1.1344543936262579
12153,1,0,70000,3,3,3,1,1,4,1,49,1,0,0.37621732498527705,0.38700035680063033
16895,0,0,40000,3,3,3,0,2,1,1,54,1,0,0.5981582307803901,-0.08387709810565801
26728,1,1,70000,3,1,1,0,2,1,1,53,1,0,0.976834804185992,0.5483302515540313
11090,1,1,90000,2,3,3,1,1,3,1,48,1,0,0.279707624073783,0.973565992545458
15862,1,0,50000,0,1,4,1,0,1,1,33,1,3,-2.0297194808096175,0.682884772082434
26495,1,0,40000,2,2,3,1,2,2,1,57,0,2,0.7893027853281109,-1.1318520304817319
11823,0,0,70000,0,1,3,1,0,3,1,39,0,1,-1.092595690873002,-0.21825656846170835
23449,0,1,60000,2,2,3,1,2,4,1,48,0,2,0.6803352427570181,-0.43652070078487204
23459,0,1,60000,2,2,3,1,2,4,1,50,0,2,0.7670757047189766,-0.5022470439665682
19543,0,1,70000,5,1,3,0,3,2,1,47,0,4,2.208295853746404,-0.3735125917118732
14914,0,0,40000,1,3,0,1,1,1,1,49,1,3,-0.7148374917777756,0.09593553628129285
12033,1,0,40000,0,2,4,0,2,0,1,27,1,3,-1.5763500242707589,1.2658475711714945
11941,1,1,60000,0,3,4,1,0,4,1,29,0,1,-1.6669802688116555,-0.08940624524284195
14389,0,1,60000,2,0,1,1,0,3,1,59,0,2,0.3031346729941954,-1.3835807505177868
18050,0,0,60000,1,3,4,1,1,0,1,45,1,3,-0.6069538794439722,0.6269510080239128
19856,0,0,60000,4,0,1,1,2,3,1,60,0,4,1.869786026905242,-1.1391581174245526
11663,0,1,70000,4,1,3,1,0,0,1,36,1,0,-0.28022822685601606,0.3672993275901096
27740,0,0,40000,0,2,4,1,2,4,1,27,0,1,-1.18081215647774,0.16232247479321282
23455,1,1,80000,2,4,4,0,2,1,1,50,0,4,1.0484402409766975,-0.10268425858734055
15292,1,0,60000,1,1,4,1,0,1,1,35,0,1,-1.0722548767375444,-0.4407249535626822
21587,0,0,60000,1,1,4,1,0,3,1,34,1,3,-1.5111629755115425,0.6956633144064478
23513,0,0,40000,3,3,3,1,2,4,1,54,0,2,0.9936960985734087,-1.18740219448394
24322,0,0,60000,4,0,4,0,2,0,1,42,0,4,1.089121869247614,-0.547621028789288
26298,0,0,50000,1,0,4,1,0,3,1,34,1,3,-1.6518452436404032,0.4958819217168343
25419,1,1,50000,2,0,4,0,1,0,1,38,1,3,-0.7167237582514522,0.5030721376954831
13343,0,0,90000,5,0,1,1,2,1,1,63,1,0,2.3609096626299784,0.31098196347527457
11303,1,0,90000,4,2,3,0,3,1,1,45,1,5,1.6728780540609112,1.349441312002084
21693,1,0,60000,0,1,4,0,0,0,1,40,0,1,-1.189907728020883,-0.45090113274217036
28056,0,1,70000,2,4,4,1,2,2,1,53,0,2,1.0378686657907752,-0.4010551660494984
11788,1,0,70000,1,1,3,1,0,3,1,34,0,1,-0.9749428395896633,-0.20808038928222003
22296,0,1,70000,0,0,3,0,1,0,1,38,0,1,-0.7088293665771838,0.10738918424593301
15319,0,0,70000,4,0,1,0,1,1,1,59,0,4,1.539961508776325,-1.199296134260884
17654,1,0,40000,3,3,0,1,1,1,1,30,1,3,-0.8698638680399114,0.41205643895790145
14662,0,1,60000,1,0,3,1,1,0,1,48,1,3,-0.47684318650103413,0.5283614932513686
17541,0,0,40000,4,2,4,1,2,3,1,43,0,4,0.8511275639708721,-0.9800469857593636
13886,0,0,70000,4,1,3,1,0,3,1,35,1,0,-0.3235984578369953,0.4001624991809575
13073,0,0,60000,0,3,3,1,2,4,1,30,0,1,-0.7693369272770814,0.46329574539989676
21940,0,1,90000,5,1,3,1,0,0,1,47,1,0,0.8127128563807133,0.2512275466952569
20196,0,1,60000,1,3,4,1,1,3,1,45,1,3,-0.6069538794439722,0.6269510080239128
23491,1,1,100000,0,3,3,0,4,1,1,45,0,5,1.2982187205066453,1.3550389045292173
16651,0,0,120000,2,0,1,1,3,4,1,62,0,5,2.5587486405406885,0.5948658341977313
16813,0,1,60000,2,3,3,1,2,2,1,55,0,2,0.9839268596238732,-0.6665629019208081
16007,0,0,90000,5,0,1,1,2,1,1,66,1,0,2.491020355572916,0.21239244870273039
27434,1,1,70000,4,3,3,1,1,2,1,56,0,4,1.4098508158333873,-1.1007066194883397
27756,1,0,50000,3,0,4,0,1,0,1,40,0,2,0.10005857769176106,-0.8203189806392468
23818,0,0,50000,0,1,4,1,0,1,1,33,1,3,-2.0297194808096175,0.682884772082434
19012,0,1,80000,3,0,1,1,1,1,1,56,0,4,1.216029077774012,-0.7467855480239739
18329,1,1,30000,0,4,0,0,2,4,1,27,0,1,-1.3214944246066005,-0.037458917896400865
29037,0,1,60000,0,1,3,0,0,0,1,39,0,1,-1.233277959001862,-0.41803796115132213
26576,0,0,60000,0,3,4,1,2,4,1,31,0,1,-0.725966696296102,0.43043257380904837
12192,1,0,60000,2,4,4,0,2,1,1,51,0,2,0.8104459356999558,-0.5351102155574161
14887,0,0,30000,1,2,0,1,1,4,1,52,0,2,-0.3298711991706794,-1.3059604675591465
11734,0,1,60000,1,3,4,0,1,0,1,47,0,1,-0.12467554968899468,-0.5423004315360653
17462,0,1,70000,3,1,1,1,2,4,1,53,1,0,0.976834804185992,0.5483302515540313
20659,0,1,70000,3,1,3,1,0,0,1,35,1,3,-0.6581024640252312,0.5543021779557098
28004,0,0,60000,3,0,1,1,2,2,1,66,0,2,1.7955034066028817,-1.1821974681948888
19741,1,0,80000,4,1,1,1,2,4,1,65,0,4,2.368001718067859,-0.9039111899995651
17450,0,1,80000,5,3,3,1,3,4,1,45,0,4,2.2622376599133056,-0.1080048558405631
17337,1,1,40000,0,2,4,1,1,4,1,31,0,1,-1.4344677878306202,-0.2619127926869723
18594,1,0,80000,3,0,4,1,3,2,1,40,1,5,0.9808406248389191,1.4681154560414627
15982,0,1,110000,5,3,3,1,4,3,1,46,0,4,3.154791250557664,0.7512587317542233
28625,1,1,40000,2,3,0,0,1,1,1,47,1,0,-0.46707394755149856,0.0075222006882369845
11269,0,1,130000,2,1,1,1,2,0,1,41,0,5,1.3615195027921858,1.1919912491783604
25148,0,1,60000,2,2,3,0,2,1,1,48,1,0,0.2847973749639992,0.6670043955934097
13920,1,0,50000,4,0,4,1,2,0,1,42,0,4,0.9484396011187531,-0.747402421478902
23704,1,1,40000,5,2,3,1,4,2,1,60,1,0,2.3816607395963323,-0.003770322966664513
28972,1,0,60000,3,1,1,1,2,2,1,66,0,2,1.7955034066028817,-1.1821974681948888
22730,0,1,70000,5,0,1,1,2,2,1,63,0,4,2.475082994165276,-1.1921059182822347
29134,0,1,60000,4,0,4,0,3,2,1,42,0,4,1.5162584245244115,-0.254838447672495
14332,1,0,30000,0,2,4,0,2,4,1,26,0,1,-1.3648646555875799,-0.0045957463055530026
19117,1,0,60000,1,1,3,1,0,3,1,36,1,3,-1.424422513549584,0.629936971224752
22864,0,1,90000,2,3,3,0,0,4,1,49,1,0,-0.10405870022203535,0.647920239837817
11292,1,1,150000,1,3,3,0,3,0,1,44,1,5,1.4700894132883873,3.0434118760548716
13466,0,1,80000,5,3,3,1,3,1,1,46,0,4,2.305607890894285,-0.14086802743141108
23731,0,1,60000,2,2,3,1,2,3,1,54,1,0,0.5450187608498752,0.4698253660483214
28672,1,1,70000,4,1,3,1,0,3,1,35,1,0,-0.3235984578369953,0.4001624991809575
11809,0,1,60000,2,0,4,1,0,0,1,38,1,3,-1.0031780453993893,0.4100709492683037
19664,1,1,100000,3,0,1,0,3,1,1,38,0,5,1.5710025669277004,0.8298794882241043
12121,1,1,60000,3,2,3,1,2,2,1,53,1,0,0.8361525360571317,0.3485488588644174
